symbol,year,fiscal_year,sales,expenses,operating_profit,opm_percentage,net_profit,eps,dividend_payout,net_profit_margin_pct,expense_ratio_pct,interest_coverage
ABB,Mar 2014,2014,2276,2009,267.0,12.0,198,93.0,25.0,8.699472759226714,88.2688927943761,
ABB,Mar 2015,2015,2289,1977,312.0,14.0,229,108.0,29.0,10.004368719965049,86.36959370904324,
ABB,Mar 2016,2016,2614,2250,365.0,14.0,255,120.0,29.0,9.755164498852334,86.07498087222648,121.66666666666667
ABB,Mar 2017,2017,2903,2505,398.0,14.0,277,130.0,31.0,9.541853255253187,86.29004478126076,199.0
ABB,Mar 2018,2018,3298,2774,525.0,16.0,401,189.0,29.0,12.15888417222559,84.11158277744087,131.25
ABB,Mar 2019,2019,3679,3074,605.0,16.0,450,212.0,31.0,12.231584669747214,83.55531394400653,302.5
ABB,Mar 2020,2020,4093,3336,757.0,18.0,593,279.0,90.0,14.488150500855118,81.50500855118496,84.11111111111111
ABB,Mar 2021,2021,4310,3388,922.0,21.0,691,325.0,85.0,16.03248259860789,78.60788863109049,51.22222222222222
ABB,Mar 2022,2022,4913,3832,1082.0,22.0,799,376.0,73.0,16.26297577854671,77.99715041726033,56.94736842105263
ABB,Mar 2023,2023,5349,4143,1206.0,23.0,949,447.0,73.0,17.74163395027108,77.45372966909703,75.375
ABB,Mar 2024,2024,5849,4396,1453.0,25.0,1201,565.0,73.0,20.533424517011454,75.15814669174217,121.08333333333333
ADANIENSOL,Mar 2014,2014,0,0,0.0,,0,0.0,,,,
ADANIENSOL,Mar 2015,2015,131,29,101.0,78.0,-7,0.0,0.0,-5.343511450381679,22.137404580152673,1.3835616438356164
ADANIENSOL,Mar 2016,2016,2194,267,1927.0,88.0,368,3.0,0.0,16.773017319963536,12.169553327256153,2.013584117032393
ADANIENSOL,Mar 2017,2017,2876,893,1983.0,69.0,416,4.0,0.0,14.464534075104313,31.050069541029206,2.1935840707964602
ADANIENSOL,Mar 2018,2018,3944,1118,2826.0,72.0,1143,10.0,0.0,28.98073022312373,28.346855983772816,3.1896162528216703
ADANIENSOL,Mar 2019,2019,7305,4528,2778.0,38.0,559,5.0,0.0,7.652292950034223,61.98494182067077,1.9971243709561466
ADANIENSOL,Mar 2020,2020,11416,7158,4258.0,37.0,706,7.0,0.0,6.184302733006307,62.70147161878066,1.902591599642538
ADANIENSOL,Mar 2021,2021,9926,5976,3950.0,40.0,1290,11.0,0.0,12.996171670360667,60.20552085432198,1.8658478979688238
ADANIENSOL,Mar 2022,2022,11258,7051,4206.0,37.0,1236,11.0,0.0,10.978859477704743,62.63101794279623,1.7784355179704017
ADANIENSOL,Mar 2023,2023,13293,8775,4518.0,34.0,1281,11.0,0.0,9.636650868878357,66.01218686526742,1.6245954692556634
ADANIENSOL,Mar 2024,2024,16607,10896,5711.0,30.0,1196,10.0,0.0,7.201782380923707,65.61088697537183,2.063968196602819
ADANIENT,Mar 2013,2013,46375,40354,6021.0,13.0,1218,15.0,10.0,2.6264150943396225,87.0167115902965,1.7242268041237114
ADANIENT,Mar 2014,2014,54947,45564,9383.0,17.0,2646,20.0,7.0,4.815549529546654,82.92354450652446,1.6452744169735227
ADANIENT,Mar 2015,2015,64465,52015,12450.0,19.0,2298,18.0,8.0,3.564725044597844,80.68719460172187,1.7644557823129252
ADANIENT,Mar 2016,2016,34008,32325,1684.0,5.0,1000,9.0,4.0,2.9404845918607387,95.05116443189837,1.2409727339719971
ADANIENT,Mar 2017,2017,36533,34631,1902.0,5.0,925,9.0,4.0,2.5319574083705145,94.79374811813976,1.5131264916467781
ADANIENT,Mar 2018,2018,35924,33886,2038.0,6.0,594,7.0,6.0,1.653490702594366,94.32691237056007,1.6304
ADANIENT,Mar 2019,2019,40379,38409,1969.0,5.0,506,7.0,6.0,1.2531266252259838,95.12122638004904,1.2116923076923076
ADANIENT,Mar 2020,2020,43403,41108,2294.0,5.0,1040,10.0,10.0,2.3961477317236133,94.71234707278299,1.4592875318066159
ADANIENT,Mar 2021,2021,39537,37031,2506.0,6.0,1046,8.0,12.0,2.645623087234742,93.66163340668234,1.8198983297022513
ADANIENT,Mar 2022,2022,69420,65707,3714.0,5.0,788,7.0,14.0,1.135119562085854,94.65139729184673,1.4703087885985748
ADANIENT,Mar 2023,2023,127540,118722,8818.0,7.0,2422,22.0,6.0,1.899012074643249,93.08609063823114,2.2217183169564123
ADANIENT,Mar 2024,2024,96421,85044,11377.0,12.0,3335,28.0,5.0,3.458790097592848,88.2007031663227,2.497694840834248
ADANIGREEN,Mar 2017,2017,502,98,403.0,80.0,-47,0.0,0.0,-9.362549800796813,19.52191235059761,1.2065868263473054
ADANIGREEN,Mar 2018,2018,1480,637,843.0,57.0,-138,-1.0,0.0,-9.324324324324325,43.04054054054054,1.5271739130434783
ADANIGREEN,Mar 2019,2019,2058,532,1526.0,74.0,-475,-3.0,0.0,-23.080660835762874,25.850340136054424,1.3612845673505798
ADANIGREEN,Mar 2020,2020,2549,1098,1450.0,57.0,-68,0.0,0.0,-2.6677128285602194,43.0757159670459,1.4572864321608041
ADANIGREEN,Mar 2021,2021,3124,883,2241.0,72.0,182,1.0,0.0,5.8258642765685025,28.26504481434059,1.1474654377880185
ADANIGREEN,Mar 2022,2022,5133,1621,3512.0,68.0,489,3.0,0.0,9.526592635885448,31.579972725501655,1.3419946503630111
ADANIGREEN,Mar 2023,2023,7776,2806,4970.0,64.0,973,6.0,0.0,12.512860082304528,36.08539094650205,1.7073170731707317
ADANIGREEN,Mar 2024,2024,9220,1902,7318.0,79.0,1260,7.0,0.0,13.665943600867678,20.629067245119305,1.4618457850579305
ADANIPORTS,Mar 2013,2013,3577,1195,2382.0,67.0,1639,8.0,12.0,45.820519988817445,33.407883701425774,4.394833948339484
ADANIPORTS,Mar 2014,2014,4830,1910,2919.0,60.0,1741,8.0,12.0,36.04554865424431,39.54451345755693,2.9877175025588536
ADANIPORTS,Mar 2015,2015,6152,2250,3902.0,63.0,2324,11.0,10.0,37.77633289986996,36.57347204161248,3.3208510638297875
ADANIPORTS,Mar 2016,2016,7109,2532,4577.0,64.0,2856,14.0,8.0,40.17442678295119,35.616823744549166,4.072064056939502
ADANIPORTS,Mar 2017,2017,8439,3021,5418.0,64.0,3902,19.0,7.0,46.23770588932338,35.798080341272666,4.854838709677419
ADANIPORTS,Mar 2018,2018,11323,4166,7157.0,63.0,3690,18.0,11.0,32.588536606906295,36.792369513379846,4.532615579480684
ADANIPORTS,Mar 2019,2019,10925,4330,6596.0,60.0,4045,19.0,1.0,37.02517162471396,39.63386727688788,4.76245487364621
ADANIPORTS,Mar 2020,2020,11873,5926,5947.0,50.0,3785,19.0,17.0,31.8790533142424,49.91156405289312,3.0481804202972835
ADANIPORTS,Mar 2021,2021,12550,3862,8688.0,69.0,5049,25.0,20.0,40.23107569721115,30.772908366533862,3.852771618625277
ADANIPORTS,Mar 2022,2022,17119,7591,9528.0,56.0,4953,23.0,22.0,28.93276476429698,44.34254337286057,3.7452830188679247
ADANIPORTS,Mar 2023,2023,20852,9905,10947.0,52.0,5391,25.0,20.0,25.85363514291195,47.501438710915025,4.632670334320778
ADANIPORTS,Mar 2024,2024,26711,11121,15589.0,58.0,8104,38.0,16.0,30.339560480700833,41.63453258956984,5.7039882912550315
ADANIPORTS,Mar 2013,2013,3577,1195,2382.0,67.0,1639,8.0,12.0,45.820519988817445,33.407883701425774,4.394833948339484
ADANIPORTS,Mar 2014,2014,4830,1910,2919.0,60.0,1741,8.0,12.0,36.04554865424431,39.54451345755693,2.9877175025588536
ADANIPORTS,Mar 2015,2015,6152,2250,3902.0,63.0,2324,11.0,10.0,37.77633289986996,36.57347204161248,3.3208510638297875
ADANIPORTS,Mar 2016,2016,7109,2532,4577.0,64.0,2856,14.0,8.0,40.17442678295119,35.616823744549166,4.072064056939502
ADANIPORTS,Mar 2017,2017,8439,3021,5418.0,64.0,3902,19.0,7.0,46.23770588932338,35.798080341272666,4.854838709677419
ADANIPORTS,Mar 2018,2018,11323,4166,7157.0,63.0,3690,18.0,11.0,32.588536606906295,36.792369513379846,4.532615579480684
ADANIPORTS,Mar 2019,2019,10925,4330,6596.0,60.0,4045,19.0,1.0,37.02517162471396,39.63386727688788,4.76245487364621
ADANIPORTS,Mar 2020,2020,11873,5926,5947.0,50.0,3785,19.0,17.0,31.8790533142424,49.91156405289312,3.0481804202972835
ADANIPORTS,Mar 2021,2021,12550,3862,8688.0,69.0,5049,25.0,20.0,40.23107569721115,30.772908366533862,3.852771618625277
ADANIPORTS,Mar 2022,2022,17119,7591,9528.0,56.0,4953,23.0,22.0,28.93276476429698,44.34254337286057,3.7452830188679247
ADANIPORTS,Mar 2023,2023,20852,9905,10947.0,52.0,5391,25.0,20.0,25.85363514291195,47.501438710915025,4.632670334320778
ADANIPORTS,Mar 2024,2024,26711,11121,15589.0,58.0,8104,38.0,16.0,30.339560480700833,41.63453258956984,5.7039882912550315
ADANIPOWER,Mar 2013,2013,6692,5732,960.0,14.0,-2295,-10.0,0.0,-34.294680215182304,85.65451285116558,0.5637110980622431
ADANIPOWER,Mar 2014,2014,15328,10735,4593.0,30.0,-291,-1.0,0.0,-1.8984864300626305,70.03522964509395,1.1035559827006247
ADANIPOWER,Mar 2015,2015,18683,14005,4678.0,25.0,-816,-3.0,0.0,-4.367606915377617,74.96119466895038,0.9617598684210527
ADANIPOWER,Mar 2016,2016,25377,16575,8802.0,35.0,551,2.0,0.0,2.171257437837412,65.3150490601726,1.5830935251798561
ADANIPOWER,Mar 2017,2017,22616,16635,5980.0,26.0,-6174,-16.0,0.0,-27.299257163070394,73.55412097629997,1.013215859030837
ADANIPOWER,Mar 2018,2018,20304,14868,5436.0,27.0,-2103,-5.0,0.0,-10.35756501182033,73.22695035460993,0.9759425493716337
ADANIPOWER,Mar 2019,2019,23884,18901,4983.0,21.0,-984,-3.0,0.0,-4.119912912409982,79.13666052587506,0.8808555771610395
ADANIPOWER,Mar 2020,2020,26468,20734,5734.0,22.0,-2275,-6.0,0.0,-8.595284872298626,78.33610397461085,1.0788334901222953
ADANIPOWER,Mar 2021,2021,26221,17533,8688.0,33.0,1270,3.0,0.0,4.84344609282636,66.86625224057053,1.701527614571093
ADANIPOWER,Mar 2022,2022,27711,17830,9881.0,36.0,4912,13.0,0.0,17.725812854101257,64.34267980224459,2.412942612942613
ADANIPOWER,Mar 2023,2023,38773,28677,10096.0,26.0,10727,28.0,0.0,27.666159440848016,73.96126170273128,3.0281943611277744
ADANIPOWER,Mar 2024,2024,50351,32124,18228.0,36.0,20829,54.0,0.0,41.36759945184802,63.80012313558817,5.380165289256198
AMBUJACEM,Mar 2023 15,2023,38937,33815,5122.0,13.0,3024,13.0,19.0,7.766391863779952,86.84541695559493,26.266666666666666
AMBUJACEM,Mar 2024,2024,33160,26760,6400.0,19.0,4738,16.0,12.0,14.288299155609169,80.69963811821471,23.18840579710145
APOLLOHOSP,Mar 2013,2013,3769,3157,612.0,16.0,303,22.0,25.0,8.039267710267975,83.76227115945875,5.941747572815534
APOLLOHOSP,Mar 2014,2014,4357,3681,676.0,16.0,315,23.0,25.0,7.229745237548772,84.4847372044985,5.680672268907563
APOLLOHOSP,Mar 2015,2015,5129,4392,737.0,14.0,335,24.0,24.0,6.531487619418989,85.63072723727822,6.245762711864407
APOLLOHOSP,Mar 2016,2016,6150,5465,684.0,11.0,235,17.0,35.0,3.8211382113821135,88.86178861788619,3.8
APOLLOHOSP,Mar 2017,2017,7256,6522,734.0,10.0,131,16.0,38.0,1.8054024255788312,89.88423373759647,2.8560311284046693
APOLLOHOSP,Mar 2018,2018,8243,7442,801.0,10.0,60,8.0,59.0,0.7278903311901006,90.28266407861216,2.7152542372881356
APOLLOHOSP,Mar 2019,2019,9617,8548,1070.0,11.0,200,17.0,35.0,2.0796506186960593,88.88426744306956,3.27217125382263
APOLLOHOSP,Mar 2020,2020,11247,9656,1591.0,14.0,432,33.0,18.0,3.841024273139504,85.85400551258114,2.9849906191369606
APOLLOHOSP,Mar 2021,2021,10560,9420,1140.0,11.0,137,10.0,29.0,1.2973484848484849,89.20454545454545,2.538975501113586
APOLLOHOSP,Mar 2022,2022,14663,12474,2189.0,15.0,1108,73.0,16.0,7.556434563186251,85.07126781695425,5.775725593667546
APOLLOHOSP,Mar 2023,2023,16612,14548,2065.0,12.0,844,57.0,26.0,5.080664579821816,87.57524680953527,5.41994750656168
APOLLOHOSP,Mar 2024,2024,19059,16665,2394.0,13.0,935,63.0,26.0,4.905818773282963,87.43900519439634,5.33184855233853
ASIANPAINT,Mar 2013,2013,10504,8767,1737.0,17.0,1160,12.0,40.0,11.043412033511043,83.46344249809596,41.357142857142854
ASIANPAINT,Mar 2014,2014,12220,10217,2004.0,16.0,1263,13.0,42.0,10.335515548281506,83.6088379705401,41.75
ASIANPAINT,Mar 2015,2015,13615,11372,2243.0,16.0,1427,15.0,42.0,10.481087036356959,83.52552331986779,53.404761904761905
ASIANPAINT,Mar 2016,2016,14271,11546,2725.0,19.0,1803,18.0,41.0,12.634013033424427,80.90533249246724,55.61224489795919
ASIANPAINT,Mar 2017,2017,15062,12068,2994.0,20.0,2016,20.0,51.0,13.384676669764971,80.12216173150975,80.91891891891892
ASIANPAINT,Mar 2018,2018,16825,13621,3204.0,19.0,2098,21.0,41.0,12.469539375928678,80.95690936106983,78.14634146341463
ASIANPAINT,Mar 2019,2019,19240,15475,3765.0,20.0,2208,22.0,47.0,11.476091476091476,80.43139293139293,34.22727272727273
ASIANPAINT,Mar 2020,2020,20211,16054,4157.0,21.0,2774,28.0,43.0,13.725199148978279,79.43199247934292,40.754901960784316
ASIANPAINT,Mar 2021,2021,21713,16857,4856.0,22.0,3207,33.0,55.0,14.769953484087875,77.63551789250678,52.78260869565217
ASIANPAINT,Mar 2022,2022,29101,24298,4804.0,17.0,3085,32.0,61.0,10.60101027456101,83.49541252877908,50.56842105263158
ASIANPAINT,Mar 2023,2023,34489,28229,6260.0,18.0,4195,43.0,60.0,12.163298442981821,81.84928527936444,43.47222222222222
ASIANPAINT,Mar 2024,2024,35495,27910,7585.0,21.0,5558,57.0,58.0,15.658543456824905,78.6307930694464,37.0
ATGL,Mar 2018,2018,1374,1008,366.0,27.0,162,6.0,0.0,11.790393013100436,73.36244541484717,2.928
ATGL,Mar 2019,2019,1719,1264,455.0,26.0,229,2.0,12.0,13.321698662012798,73.53112274578243,5.055555555555555
ATGL,Mar 2020,2020,1875,1280,595.0,32.0,436,4.0,6.0,23.253333333333334,68.26666666666667,14.512195121951219
ATGL,Mar 2021,2021,1696,991,704.0,42.0,463,4.0,6.0,27.299528301886795,58.431603773584904,17.6
ATGL,Mar 2022,2022,3038,2265,773.0,25.0,509,5.0,5.0,16.754443712969056,74.55562870309414,14.584905660377359
ATGL,Mar 2023,2023,4378,3508,870.0,20.0,546,5.0,5.0,12.47144814984011,80.1279122887163,11.153846153846153
ATGL,Mar 2024,2024,4475,3371,1104.0,25.0,668,6.0,4.0,14.927374301675977,75.3296089385475,9.945945945945946
BAJAJ-AUTO,Mar 2013,2013,20025,16370,3656.0,18.0,3133,108.0,42.0,15.645443196004994,81.7478152309613,3656.0
BAJAJ-AUTO,Mar 2014,2014,20137,15974,4163.0,21.0,3380,117.0,43.0,16.785022595222724,79.32661270298456,4163.0
BAJAJ-AUTO,Mar 2015,2015,21595,17467,4128.0,19.0,3026,105.0,48.0,14.012502894188469,80.88446399629544,688.0
BAJAJ-AUTO,Mar 2016,2016,22574,17781,4793.0,21.0,4061,140.0,39.0,17.989722689820148,78.76760875343315,4793.0
BAJAJ-AUTO,Mar 2017,2017,21755,17326,4429.0,20.0,4079,141.0,39.0,18.7497127097219,79.64146173293496,4429.0
BAJAJ-AUTO,Mar 2018,2018,25210,20364,4846.0,19.0,4219,146.0,41.0,16.735422451408173,80.77746925823087,4846.0
BAJAJ-AUTO,Mar 2019,2019,30358,25160,5198.0,17.0,4928,170.0,35.0,16.2329534224916,82.87765992489624,1299.5
BAJAJ-AUTO,Mar 2020,2020,29919,24809,5109.0,17.0,5212,180.0,67.0,17.42036832781844,82.9205521574919,1703.0
BAJAJ-AUTO,Mar 2021,2021,27741,22803,4938.0,18.0,4857,168.0,83.0,17.508381096571863,82.19963231318266,705.4285714285714
BAJAJ-AUTO,Mar 2022,2022,33145,27886,5259.0,16.0,6166,213.0,66.0,18.60310755770101,84.1333534469754,584.3333333333334
BAJAJ-AUTO,Mar 2023,2023,36455,29991,6465.0,18.0,6060,214.0,65.0,16.62323412426279,82.26855026745302,161.625
BAJAJ-AUTO,Mar 2024,2024,44870,36106,8765.0,20.0,7708,276.0,29.0,17.178515712057056,80.46801872074883,146.08333333333334
AXISBANK,Mar 2013,2013,27183,17516,8313.0,1353.0,5179,22.0,16.0,19.05234889452967,64.43733215612698,1.2689665699893147
AXISBANK,Mar 2014,2014,30641,18690,9644.0,2307.0,6218,26.0,15.0,20.293071374955126,60.996703762932015,1.3023632680621202
AXISBANK,Mar 2015,2015,35479,21254,11127.0,3097.0,7358,31.0,15.0,20.739028721215366,59.905859804391326,1.3301852958756724
AXISBANK,Mar 2016,2016,40988,24155,13367.0,3466.0,8224,35.0,14.0,20.064409095344978,58.93188250219576,1.4264219400277451
AXISBANK,Mar 2017,2017,44542,26449,23808.0,-5715.0,3679,15.0,33.0,8.259620133806294,59.379911095146156,2.0364382858609185
AXISBANK,Mar 2018,2018,45780,27163,28895.0,-10277.0,276,1.0,0.0,0.6028833551769331,59.33377020532984,2.634722348864776
AXISBANK,Mar 2019,2019,54986,33278,27155.0,-5447.0,4677,18.0,6.0,8.505801476739535,60.52085985523588,2.068164508758568
AXISBANK,Mar 2020,2020,62635,37429,35066.0,-9859.0,1627,6.0,0.0,2.5975892073122058,59.7573241797717,2.256935058248053
AXISBANK,Mar 2021,2021,63346,34107,31749.0,-2510.0,6588,22.0,0.0,10.400025258106274,53.84238941685348,2.5887964774951078
AXISBANK,Mar 2022,2022,67377,34245,29962.0,3170.0,13025,42.0,2.0,19.33152262641554,50.82594950799234,1.9684646212469614
AXISBANK,Mar 2023,2023,85164,42218,29089.0,13857.0,9580,31.0,3.0,11.248884505189986,49.572589357005306,1.8019575048008425
AXISBANK,Mar 2024,2024,109369,59474,37943.0,11952.0,24861,81.0,1.0,22.73130411725443,54.37921165961104,1.6907138401212014
BAJAJFINSV,Mar 2013,2013,8055,4124,3931.0,49.0,2214,10.0,2.0,27.48603351955307,51.19801365611421,3.264950166112957
BAJAJFINSV,Mar 2014,2014,6023,1531,4491.0,75.0,2191,10.0,2.0,36.37722065415906,25.419226299186455,2.875160051216389
BAJAJFINSV,Mar 2015,2015,11335,5823,5511.0,49.0,2409,11.0,2.0,21.25275694750772,51.3718570798412,2.4713004484304935
BAJAJFINSV,Mar 2016,2016,20533,13795,6739.0,33.0,2775,12.0,1.0,13.514829786197827,67.18453221643207,2.3423705248522766
BAJAJFINSV,Mar 2017,2017,24507,15794,8713.0,36.0,3450,14.0,1.0,14.077610478638755,64.44689272452769,2.344725511302476
BAJAJFINSV,Mar 2018,2018,32862,22074,10788.0,33.0,4176,17.0,1.0,12.707686689793682,67.17180938469966,2.3809313617303025
BAJAJFINSV,Mar 2019,2019,42605,27569,15037.0,35.0,5374,20.0,1.0,12.61354301138364,64.70836756249267,2.258825296680186
BAJAJFINSV,Mar 2020,2020,54351,36094,18258.0,34.0,5994,21.0,2.0,11.028315946348734,66.40908170962815,1.9218947368421053
BAJAJFINSV,Mar 2021,2021,60592,40950,19641.0,32.0,7367,28.0,1.0,12.158370742012146,67.58317929759704,2.1178563726547335
BAJAJFINSV,Mar 2022,2022,68406,46951,21455.0,31.0,8314,29.0,1.0,12.153904628248984,68.63579218197235,2.228164918475439
BAJAJFINSV,Mar 2023,2023,82072,52204,29868.0,36.0,12210,40.0,2.0,14.877181011794521,63.60756409006726,2.412600969305331
BAJAJFINSV,Mar 2024,2024,110382,69497,40886.0,37.0,15595,51.0,2.0,14.128209309488865,62.960446449602294,2.1973450851829956
BAJAJHLDNG,Mar 2013,2013,337,15,322.0,95.0,1856,167.0,15.0,550.7418397626113,4.451038575667656,
BAJAJHLDNG,Mar 2014,2014,423,23,400.0,94.0,1988,179.0,17.0,469.97635933806146,5.4373522458628845,
BAJAJHLDNG,Mar 2015,2015,524,40,484.0,92.0,2029,182.0,19.0,387.2137404580153,7.633587786259542,
BAJAJHLDNG,Mar 2016,2016,470,42,429.0,91.0,2265,204.0,16.0,481.9148936170213,8.936170212765958,
BAJAJHLDNG,Mar 2017,2017,842,215,628.0,75.0,2473,222.0,15.0,293.70546318289786,25.534441805225654,
BAJAJHLDNG,Mar 2018,2018,420,65,355.0,85.0,2655,239.0,17.0,632.1428571428571,15.476190476190476,
BAJAJHLDNG,Mar 2019,2019,431,85,347.0,80.0,3048,274.0,12.0,707.1925754060325,19.721577726218097,
BAJAJHLDNG,Mar 2020,2020,435,134,301.0,69.0,3080,269.0,15.0,708.0459770114943,30.804597701149426,23.153846153846153
BAJAJHLDNG,Mar 2021,2021,457,106,352.0,77.0,3654,328.0,12.0,799.562363238512,23.194748358862142,88.0
BAJAJHLDNG,Mar 2022,2022,484,117,367.0,76.0,4126,364.0,32.0,852.4793388429752,24.173553719008265,122.33333333333333
BAJAJHLDNG,Mar 2023,2023,522,142,380.0,73.0,4946,436.0,28.0,947.5095785440614,27.203065134099617,54.285714285714285
BAJAJHLDNG,Mar 2024,2024,1702,140,1562.0,92.0,7365,653.0,20.0,432.7262044653349,8.225616921269095,781.0
BAJFINANCE,Mar 2015,2015,5392,2274,1752.0,1367.0,898,18.0,10.0,16.654302670623146,42.173590504451035,67.38461538461539
BAJFINANCE,Mar 2016,2016,7299,2959,2354.0,1986.0,1279,24.0,10.0,17.522948349088914,40.53979997259899,67.25714285714285
BAJFINANCE,Mar 2017,2017,9970,3853,3250.0,2867.0,1836,33.0,11.0,18.415245737211634,38.64593781344033,147.72727272727272
BAJFINANCE,Mar 2018,2018,12746,4696,4115.0,3935.0,2496,43.0,9.0,19.58261415345991,36.84293111564412,411.5
BAJFINANCE,Mar 2019,2019,18487,6723,5454.0,6310.0,3995,69.0,9.0,21.609779845296696,36.36609509384973,419.53846153846155
BAJFINANCE,Mar 2020,2020,26374,9608,9159.0,7608.0,5264,87.0,11.0,19.959050580116784,36.42981724425571,1017.6666666666666
BAJFINANCE,Mar 2021,2021,26673,9519,10839.0,6314.0,4420,73.0,14.0,16.5710643722116,35.687774153638514,3613.0
BAJFINANCE,Mar 2022,2022,31641,9855,11880.0,9906.0,7028,116.0,17.0,22.211687367655887,31.146297525362666,-698.8235294117648
BAJFINANCE,Mar 2023,2023,41411,12701,12693.0,16018.0,11508,190.0,16.0,27.7897177078554,30.670594769505687,-2538.6
BAJFINANCE,Mar 2024,2024,54972,18886,16099.0,19987.0,14451,233.0,15.0,26.287928399912687,34.35567197846176,2683.1666666666665
BANKBARODA,Mar 2013,2013,36442,24486,10950.0,1006.0,4829,23.0,19.0,13.251193677624718,67.19170188244334,2.4273996896475283
BANKBARODA,Mar 2014,2014,40463,27604,12049.0,809.0,5036,23.0,19.0,12.4459382645874,68.2203494550577,2.169036903690369
BANKBARODA,Mar 2015,2015,44915,30547,13466.0,902.0,3950,18.0,18.0,8.794389402204164,68.01068685294445,2.4712791337860156
BANKBARODA,Mar 2016,2016,45799,32107,25391.0,-11700.0,-5033,-22.0,0.0,-10.98932291098059,70.10415074564946,4.237483311081442
BANKBARODA,Mar 2017,2017,44473,29596,19250.0,-4372.0,1855,8.0,15.0,4.171070087468801,66.54824275403054,2.425349628323044
BANKBARODA,Mar 2018,2018,46056,29160,26093.0,-9197.0,-1836,-7.0,0.0,-3.986451276706618,63.31422615945805,3.26488988988989
BANKBARODA,Mar 2019,2019,52906,32506,25815.0,-5414.0,1166,4.0,0.0,2.203908819415567,61.44104638415303,3.273107645492583
BANKBARODA,Mar 2020,2020,78895,50040,40583.0,-11728.0,981,2.0,0.0,1.2434248051207302,63.42607262817669,3.3289311787384137
BANKBARODA,Mar 2021,2021,74314,43201,38070.0,-6957.0,1620,3.0,0.0,2.1799391770056786,58.133057028285386,2.5920882413018314
BANKBARODA,Mar 2022,2022,73385,38815,37518.0,-2948.0,7933,15.0,19.0,10.810111058118144,52.89228043878177,2.606321639458145
BANKBARODA,Mar 2023,2023,94503,49942,38231.0,6329.0,15005,29.0,19.0,15.877802821074463,52.84699956615134,2.349062980030722
BANKBARODA,Mar 2024,2024,118379,69899,44379.0,4102.0,18869,36.0,21.0,15.93948250956673,59.046790393566425,1.8966195136544297
BHARTIARTL,Mar 2013,2013,76947,53987,22960.0,30.0,2267,4.0,17.0,2.9461837368578374,70.16127984196915,5.080770081876522
BHARTIARTL,Mar 2014,2014,85864,59352,26512.0,31.0,3019,5.0,26.0,3.516025342401938,69.12326469766141,4.509610477972444
BHARTIARTL,Mar 2015,2015,96101,62499,33602.0,35.0,5048,8.0,33.0,5.252806942695706,65.03470307280882,7.557804768331084
BHARTIARTL,Mar 2016,2016,96532,62548,33984.0,35.0,6893,11.0,9.0,7.140637301620188,64.7950938548875,3.97659723847414
BHARTIARTL,Mar 2017,2017,95468,60138,35330.0,37.0,4241,7.0,11.0,4.442326224494071,62.99283529559643,3.7006389441709437
BHARTIARTL,Mar 2018,2018,82639,52560,30079.0,36.0,2184,2.0,194.0,2.6428199760403683,63.601931291520955,3.2252841518335837
BHARTIARTL,Mar 2019,2019,80780,55016,25764.0,32.0,1688,1.0,244.0,2.0896261450854174,68.10596682347115,2.425531914893617
BHARTIARTL,Mar 2020,2020,87539,50930,36610.0,42.0,-30664,-55.0,-3.0,-35.02895852134477,58.17978272541382,2.616495140080046
BHARTIARTL,Mar 2021,2021,100616,55337,45279.0,45.0,-12364,-26.0,0.0,-12.28830404707005,54.99821102011608,3.0003975879663374
BHARTIARTL,Mar 2022,2022,116547,59013,57534.0,49.0,8305,7.0,39.0,7.125880546045801,50.63450796674302,3.4625662012518057
BHARTIARTL,Mar 2023,2023,139145,67871,71274.0,51.0,12287,15.0,27.0,8.830356822020196,48.777174889503755,3.692953367875648
BHARTIARTL,Mar 2024,2024,149982,71691,78292.0,52.0,8558,13.0,62.0,5.706018055499993,47.7997359683162,3.456905687036383
BEL,Mar 2013,2013,6273,5604,669.0,11.0,911,1.0,20.0,14.522556990275785,89.3352462936394,95.57142857142857
BEL,Mar 2014,2014,6518,5593,925.0,14.0,952,1.0,20.0,14.605707272169377,85.80853022399509,132.14285714285714
BEL,Mar 2015,2015,7093,5913,1179.0,17.0,1197,2.0,20.0,16.875793035387,83.36387988157338,168.42857142857142
BEL,Mar 2016,2016,7354,5961,1393.0,19.0,1337,2.0,31.0,18.18058199619255,81.05792765841719,139.3
BEL,Mar 2017,2017,8656,6864,1792.0,21.0,1523,2.0,33.0,17.594731977818853,79.29759704251387,99.55555555555556
BEL,Mar 2018,2018,10401,8361,2039.0,20.0,1431,2.0,34.0,13.758292471877704,80.38650129795212,339.8333333333333
BEL,Mar 2019,2019,12164,9255,2909.0,24.0,1887,3.0,44.0,15.512989148306477,76.08516935218678,181.8125
BEL,Mar 2020,2020,12968,10209,2759.0,21.0,1825,3.0,37.0,14.073103022825418,78.724552745219,344.875
BEL,Mar 2021,2021,14109,10895,3214.0,23.0,2100,3.0,46.0,14.88411652136934,77.22021404777092,321.4
BEL,Mar 2022,2022,15368,12024,3344.0,22.0,2400,3.0,46.0,15.616866215512754,78.2404997397189,371.55555555555554
BEL,Mar 2023,2023,17734,13645,4090.0,23.0,2986,4.0,44.0,16.837712867937295,76.94259614300213,215.26315789473685
BEL,Mar 2024,2024,20268,15217,5051.0,25.0,3985,5.0,40.0,19.661535425300965,75.07894217485692,420.9166666666667
BHEL,Mar 2013,2013,48903,39420,9483.0,19.0,6693,18.0,20.0,13.686276915526655,80.60855162259985,74.0859375
BHEL,Mar 2014,2014,39561,34982,4579.0,12.0,3502,10.0,20.0,8.852152372285838,88.42546952807058,34.42857142857143
BHEL,Mar 2015,2015,31323,29183,2141.0,7.0,1450,4.0,20.0,4.629186220987772,93.16795964626633,23.27173913043478
BHEL,Mar 2016,2016,25505,26862,-1357.0,-5.0,-706,-2.0,-14.0,-2.768084689276612,105.32052538717898,-3.7694444444444444
BHEL,Mar 2017,2017,28465,27370,1095.0,4.0,455,1.0,85.0,1.5984542420516425,96.15317056033726,2.651331719128329
BHEL,Mar 2018,2018,28827,27174,1653.0,6.0,438,1.0,151.0,1.5194088875013008,94.26579248621084,5.009090909090909
BHEL,Mar 2019,2019,30441,28409,2032.0,7.0,1002,3.0,69.0,3.2916132847146935,93.3247922210177,5.375661375661376
BHEL,Mar 2020,2020,21463,21596,-133.0,-1.0,-1468,-4.0,0.0,-6.839677584680613,100.61967106182732,-0.2169657422512235
BHEL,Mar 2021,2021,17309,20357,-3049.0,-18.0,-2700,-8.0,0.0,-15.59882142238142,117.60933618348837,-6.528907922912206
BHEL,Mar 2022,2022,21211,20383,828.0,4.0,445,1.0,31.0,2.0979680354533023,96.09636509358351,1.8482142857142858
BHEL,Mar 2023,2023,23365,22321,1044.0,4.0,654,2.0,21.0,2.7990584207147444,95.53177830087738,1.7058823529411764
BHEL,Mar 2024,2024,23893,23182,711.0,3.0,282,1.0,31.0,1.180262001423011,97.02423303896539,0.8586956521739131
BOSCHLTD,Mar 2015,2015,12086,10104,1981.0,16.0,1338,426.0,20.0,11.070660268078768,83.60086049975179,141.5
BOSCHLTD,Mar 2016,2016,9701,7823,1878.0,19.0,1531,488.0,17.0,15.781878156891041,80.6411710132976,144.46153846153845
BOSCHLTD,Mar 2017,2017,10435,8473,1963.0,19.0,1741,570.0,29.0,16.684235745088642,81.19789171058936,72.70370370370371
BOSCHLTD,Mar 2018,2018,11690,9597,2093.0,18.0,1371,449.0,22.0,11.72797262617622,82.09580838323353,697.6666666666666
BOSCHLTD,Mar 2019,2019,12085,9931,2154.0,18.0,1598,542.0,19.0,13.223003723624327,82.17625155151013,165.69230769230768
BOSCHLTD,Mar 2020,2020,9842,8358,1483.0,15.0,650,220.0,48.0,6.604348709611868,84.92176386913229,148.3
BOSCHLTD,Mar 2021,2021,9718,8555,1163.0,12.0,482,164.0,70.0,4.959868285655484,88.03251697880222,83.07142857142857
BOSCHLTD,Mar 2022,2022,11782,10319,1462.0,12.0,1217,413.0,51.0,10.329315905618742,87.58275335257171,50.41379310344828
BOSCHLTD,Mar 2023,2023,14929,13120,1810.0,13.0,1424,483.0,99.0,9.538482148837831,87.88264451738227,150.83333333333334
BOSCHLTD,Mar 2024,2024,16727,14632,2095.0,13.0,2490,844.0,44.0,14.886112273569676,87.47533927183595,41.07843137254902
BPCL,Mar 2013,2013,242181,235472,6709.0,3.0,1936,4.0,42.0,0.7994021000821699,97.22975790834128,2.664416203335981
BPCL,Mar 2014,2014,264421,255007,9414.0,4.0,4053,9.0,31.0,1.5327829484042492,96.43976839963543,4.749747729566095
BPCL,Mar 2015,2015,242598,232818,9780.0,4.0,5082,11.0,34.0,2.0948235352311233,95.96863947765439,8.288135593220339
BPCL,Mar 2016,2016,187815,174844,12971.0,7.0,8089,19.0,25.0,4.306897745121529,93.09373585709342,19.075
BPCL,Mar 2017,2017,201251,187468,13783.0,7.0,9507,20.0,49.0,4.723951682227666,93.15133837844284,19.80316091954023
BPCL,Mar 2018,2018,235895,220578,15317.0,6.0,9792,21.0,46.0,4.150999385319739,93.50685686428284,12.914839797639123
BPCL,Mar 2019,2019,298226,283113,15112.0,5.0,8528,18.0,48.0,2.859576294488073,94.93236672858839,8.566893424036282
BPCL,Mar 2020,2020,284572,275597,8975.0,3.0,3666,7.0,106.0,1.2882504251999494,96.84614087120306,3.403488813045127
BPCL,Mar 2021,2021,230171,209170,21001.0,9.0,17320,37.0,102.0,7.524840227483046,90.8759139943781,12.188624492164829
BPCL,Mar 2022,2022,346791,327654,19137.0,6.0,11682,27.0,29.0,3.3685995311297003,94.48169070131578,7.343438219493477
BPCL,Mar 2023,2023,473187,462288,10899.0,2.0,2131,5.0,40.0,0.45035049568141133,97.69668228417096,2.9102803738317755
BPCL,Mar 2024,2024,448083,404001,44082.0,10.0,26859,62.0,33.0,5.994201967046283,90.16209050555366,10.62472885032538
BRITANNIA,Mar 2013,2013,6185,5765,421.0,7.0,260,11.0,39.0,4.203718674211803,93.20937752627324,10.268292682926829
BRITANNIA,Mar 2014,2014,6913,6286,627.0,9.0,395,16.0,36.0,5.713872414291914,90.93013163604803,78.375
BRITANNIA,Mar 2015,2015,7858,6988,870.0,11.0,689,29.0,28.0,8.768134385339781,88.9284805293968,217.5
BRITANNIA,Mar 2016,2016,8397,7174,1224.0,15.0,825,34.0,29.0,9.824937477670597,85.43527450279862,244.8
BRITANNIA,Mar 2017,2017,9054,7776,1278.0,14.0,885,37.0,30.0,9.774685222001326,85.88469184890656,255.6
BRITANNIA,Mar 2018,2018,9914,8413,1501.0,15.0,1004,42.0,30.0,10.127092999798265,84.85979423038128,187.625
BRITANNIA,Mar 2019,2019,11055,9322,1732.0,16.0,1155,48.0,31.0,10.44776119402985,84.32383536861148,192.44444444444446
BRITANNIA,Mar 2020,2020,11600,9756,1843.0,16.0,1394,58.0,60.0,12.017241379310345,84.10344827586206,23.935064935064936
BRITANNIA,Mar 2021,2021,13136,10627,2509.0,19.0,1851,77.0,204.0,14.091047503045068,80.89981729598051,22.603603603603602
BRITANNIA,Mar 2022,2022,14136,11935,2201.0,16.0,1516,63.0,89.0,10.724391624221845,84.4298245614035,15.284722222222221
BRITANNIA,Mar 2023,2023,16301,13470,2831.0,17.0,2316,96.0,75.0,14.207717317955954,82.63296730261948,16.75147928994083
BRITANNIA,Mar 2024,2024,16769,13603,3167.0,19.0,2134,89.0,83.0,12.725863199952292,81.11992366867435,19.3109756097561
CANBK,Mar 2013,2013,34070,26198,7217.0,655.0,2995,12.0,19.0,8.790724977986498,76.89462870560611,2.1816807738814994
CANBK,Mar 2014,2014,39570,30606,9636.0,-672.0,2672,10.0,19.0,6.7525903462218855,77.3464746019712,2.3252895752895753
CANBK,Mar 2015,2015,43813,34133,10302.0,-621.0,2931,11.0,17.0,6.689795266245178,77.90610092894804,2.1766321571941685
CANBK,Mar 2016,2016,44039,34263,17785.0,-8008.0,-2535,-9.0,0.0,-5.756261495492632,77.80149413020277,3.3773262438283327
CANBK,Mar 2017,2017,41457,31540,15691.0,-5775.0,1411,5.0,4.0,3.403526545577345,76.07882866584654,1.9983443708609272
CANBK,Mar 2018,2018,41345,29113,25582.0,-13350.0,-3873,-11.0,0.0,-9.367517233039061,70.41480227355183,3.457961611246283
CANBK,Mar 2019,2019,47951,32339,27202.0,-11590.0,696,2.0,0.0,1.4514817209234425,67.44176346687243,2.74573533864944
CANBK,Mar 2020,2020,49759,35817,26809.0,-12867.0,-1921,-4.0,0.0,-3.8606081311923472,71.98094817018027,2.2721417069243155
CANBK,Mar 2021,2021,70253,45182,43437.0,-18367.0,2957,4.0,0.0,4.2090729221527905,64.31326776080736,1.881529931560253
CANBK,Mar 2022,2022,70614,43035,41235.0,-13657.0,6158,7.0,19.0,8.720650295975302,60.944005438015125,1.7440680116736456
CANBK,Mar 2023,2023,85885,52990,42772.0,-9877.0,11345,12.0,19.0,13.209524363975083,61.69878325668044,1.6889239881539981
CANBK,Mar 2024,2024,110519,72118,46146.0,-7745.0,15401,17.0,19.0,13.935160470145405,65.25393823686426,1.6109055365496054
CHOLAFIN,Mar 2013,2013,2570,1410,688.0,472.0,308,4.0,16.0,11.98443579766537,54.86381322957199,688.0
CHOLAFIN,Mar 2014,2014,3279,1769,932.0,578.0,368,5.0,14.0,11.222933821286977,53.949374809393106,932.0
CHOLAFIN,Mar 2015,2015,3715,1958,1061.0,696.0,444,6.0,11.0,11.951547779273216,52.70524899057874,
CHOLAFIN,Mar 2016,2016,4214,2048,1266.0,899.0,575,7.0,12.0,13.64499288087328,48.59990507831039,633.0
CHOLAFIN,Mar 2017,2017,4694,2228,1322.0,1143.0,718,9.0,12.0,15.296122709842352,47.46484874307627,440.6666666666667
CHOLAFIN,Mar 2018,2018,5559,2657,1451.0,1451.0,918,12.0,11.0,16.51376146788991,47.79636625292319,
CHOLAFIN,Mar 2019,2019,7108,3588,1632.0,1888.0,1197,15.0,8.0,16.840180078784467,50.478334271243675,1632.0
CHOLAFIN,Mar 2020,2020,8712,4592,2421.0,1699.0,1054,13.0,13.0,12.098255280073463,52.708907254361804,
CHOLAFIN,Mar 2021,2021,9583,4576,2913.0,2094.0,1521,19.0,11.0,15.871856412396953,47.751226129604504,52.017857142857146
CHOLAFIN,Mar 2022,2022,10148,4298,2926.0,2924.0,2154,26.0,8.0,21.225857311785575,42.353173039022465,34.833333333333336
CHOLAFIN,Mar 2023,2023,12884,5748,3621.0,3515.0,2665,32.0,6.0,20.684570009313877,44.6134740763738,16.45909090909091
CHOLAFIN,Mar 2024,2024,19163,9231,5385.0,4548.0,3420,41.0,5.0,17.846892448990243,48.17095444345875,21.11764705882353
CIPLA,Mar 2013,2013,8279,34,6065.0,2214.0,1545,19.0,10.0,18.661674115231307,0.41067761806981523,24.755102040816325
CIPLA,Mar 2014,2014,10173,146,8026.0,2147.0,1404,17.0,12.0,13.80123857269242,1.4351715324879581,31.97609561752988
CIPLA,Mar 2015,2015,11345,168,9183.0,2163.0,1229,15.0,14.0,10.832966064345527,1.4808285588364918,55.99390243902439
CIPLA,Mar 2016,2016,13790,207,11310.0,2480.0,1383,17.0,12.0,10.029006526468455,1.501087744742567,54.375
CIPLA,Mar 2017,2017,14394,159,11898.0,2496.0,1035,13.0,16.0,7.190496040016674,1.1046269278866194,57.20192307692308
CIPLA,Mar 2018,2018,15156,114,12329.0,2826.0,1417,18.0,17.0,9.349432567959884,0.7521773555027712,44.03214285714286
CIPLA,Mar 2019,2019,16362,168,13265.0,3097.0,1492,19.0,16.0,9.118689646742451,1.0267693436010268,27.80922431865828
CIPLA,Mar 2020,2020,17132,197,13926.0,3206.0,1500,19.0,21.0,8.755545178613122,1.1498949334578565,40.48255813953488
CIPLA,Mar 2021,2021,19160,161,14907.0,4252.0,2389,30.0,17.0,12.468684759916492,0.8402922755741128,56.04135338345865
CIPLA,Mar 2022,2022,21763,106,17211.0,4553.0,2547,31.0,16.0,11.703349722005237,0.48706520240775625,173.84848484848484
CIPLA,Mar 2023,2023,22753,110,17726.0,5027.0,2833,35.0,24.0,12.45110534874522,0.48345273150793305,60.49829351535836
CIPLA,Mar 2024,2024,25774,90,19483.0,6291.0,4154,51.0,25.0,16.11701714906495,0.34918910529991465,35.29528985507246
COALINDIA,Mar 2013,2013,68303,46,50216.0,18087.0,17356,27.0,51.0,25.41030408620412,0.06734696865437828,5.737659963436928
COALINDIA,Mar 2014,2014,70608,59,52842.0,17766.0,15112,24.0,121.0,21.402673917969636,0.08355993655109903,7.370902496861487
COALINDIA,Mar 2015,2015,74120,9,56777.0,17343.0,13727,22.0,95.0,18.519967620075555,0.012142471667566108,8.641856925418569
COALINDIA,Mar 2016,2016,77861,388,59147.0,18714.0,14267,23.0,121.0,18.323679377351947,0.4983239362453603,9.959084020878937
COALINDIA,Mar 2017,2017,78164,410,65716.0,12448.0,9280,15.0,133.0,11.872473261347935,0.5245381505552429,12.361926260346126
COALINDIA,Mar 2018,2018,85244,430,75956.0,9288.0,7038,11.0,146.0,8.25629956360565,0.5044343296888931,15.26753768844221
COALINDIA,Mar 2019,2019,99586,264,74579.0,25007.0,17464,28.0,46.0,17.536601530335588,0.2650975036651738,12.783510455947892
COALINDIA,Mar 2020,2020,96080,503,74500.0,21581.0,16700,27.0,44.0,17.38134887593672,0.5235220649458784,11.561142147734326
COALINDIA,Mar 2021,2021,90026,642,71398.0,18628.0,12702,21.0,78.0,14.109257325661476,0.7131273187745762,19.08017103153394
COALINDIA,Mar 2022,2022,109715,541,84995.0,24721.0,17378,28.0,60.0,15.839219796746114,0.4930957480745568,21.985256078634247
COALINDIA,Mar 2023,2023,138252,684,94020.0,44232.0,31723,52.0,47.0,22.94578016954547,0.4947487197291902,14.332317073170731
COALINDIA,Mar 2024,2024,142324,819,94352.0,47971.0,37369,61.0,42.0,26.25628846856468,0.5754475703324808,11.237732253454025
DABUR,Mar 2013,2013,6140,5148,992.0,16.0,766,4.0,34.0,12.47557003257329,83.84364820846906,16.8135593220339
DABUR,Mar 2014,2014,7058,5897,1162.0,16.0,916,5.0,33.0,12.978180787758573,83.55058090110514,21.51851851851852
DABUR,Mar 2015,2015,7795,6475,1320.0,17.0,1068,6.0,33.0,13.701090442591404,83.06606799230276,33.0
DABUR,Mar 2016,2016,7780,6261,1518.0,20.0,1254,7.0,32.0,16.118251928020566,80.47557840616967,31.625
DABUR,Mar 2017,2017,7614,6102,1512.0,20.0,1280,7.0,31.0,16.811137378513266,80.1418439716312,28.0
DABUR,Mar 2018,2018,7722,6104,1617.0,21.0,1358,8.0,81.0,17.586117586117584,79.04687904687904,30.50943396226415
DABUR,Mar 2019,2019,8515,6775,1740.0,20.0,1446,8.0,34.0,16.981796829125074,79.56547269524368,29.0
DABUR,Mar 2020,2020,8685,6892,1792.0,21.0,1448,8.0,37.0,16.672423719055843,79.3552101324122,35.84
DABUR,Mar 2021,2021,9562,7560,2002.0,21.0,1695,10.0,50.0,17.72641706755909,79.06295754026354,64.58064516129032
DABUR,Mar 2022,2022,10889,8637,2252.0,21.0,1742,10.0,53.0,15.997795940857745,79.31857838185324,57.743589743589745
DABUR,Mar 2023,2023,11530,9367,2162.0,19.0,1701,10.0,54.0,14.752818733738074,81.24024284475281,27.71794871794872
DABUR,Mar 2024,2024,12404,10004,2400.0,19.0,1811,10.0,53.0,14.600128990648178,80.65140277329894,19.35483870967742
DIVISLAB,Mar 2013,2013,2145,1329,816.0,38.0,602,23.0,33.0,28.065268065268068,61.95804195804195,272.0
DIVISLAB,Mar 2014,2014,2532,1514,1018.0,40.0,773,29.0,34.0,30.529225908372826,59.79462875197472,339.3333333333333
DIVISLAB,Mar 2015,2015,3115,1942,1173.0,38.0,852,32.0,31.0,27.351524879614768,62.34349919743178,391.0
DIVISLAB,Mar 2016,2016,3776,2354,1423.0,38.0,1126,42.0,24.0,29.81991525423729,62.34110169491526,284.6
DIVISLAB,Mar 2017,2017,4064,2615,1450.0,36.0,1060,40.0,25.0,26.08267716535433,64.34547244094489,483.3333333333333
DIVISLAB,Mar 2018,2018,3891,2622,1269.0,33.0,877,33.0,30.0,22.539193009509123,67.38627602158827,634.5
DIVISLAB,Mar 2019,2019,4946,3072,1874.0,38.0,1353,51.0,31.0,27.355438738374442,62.11079660331581,374.8
DIVISLAB,Mar 2020,2020,5394,3568,1826.0,34.0,1377,52.0,31.0,25.528364849833146,66.14757137560252,260.85714285714283
DIVISLAB,Mar 2021,2021,6969,4102,2867.0,41.0,1984,75.0,27.0,28.46893384990673,58.86066867556321,1433.5
DIVISLAB,Mar 2022,2022,8960,5075,3885.0,43.0,2960,112.0,27.0,33.035714285714285,56.640625,1942.5
DIVISLAB,Mar 2023,2023,7767,5397,2370.0,31.0,1824,69.0,44.0,23.483970645036695,69.48628814213981,1185.0
DIVISLAB,Mar 2024,2024,7845,5635,2210.0,28.0,1600,60.0,50.0,20.395156150414277,71.82919056724027,552.5
DLF,Mar 2013,2013,7773,5140,2633.0,34.0,667,4.0,48.0,8.580985462498392,66.12633474848836,1.137856525496975
DLF,Mar 2014,2014,8298,5805,2493.0,30.0,590,4.0,55.0,7.1101470233791275,69.95661605206074,1.0121802679658953
DLF,Mar 2015,2015,7649,4635,3014.0,39.0,507,3.0,66.0,6.628317427114655,60.59615636030854,1.3081597222222223
DLF,Mar 2016,2016,9926,5960,3966.0,40.0,305,2.0,117.0,3.07273826314729,60.044328027402784,1.4798507462686568
DLF,Mar 2017,2017,8221,4775,3446.0,42.0,708,4.0,50.0,8.612090986497993,58.082958277581795,1.1563758389261745
DLF,Mar 2018,2018,6707,4329,2378.0,35.0,4477,25.0,8.0,66.75115550916952,64.54450574027136,0.8058285327007794
DLF,Mar 2019,2019,8366,6218,2148.0,26.0,1314,6.0,33.0,15.706430791298112,74.32464738226153,1.0417070805043647
DLF,Mar 2020,2020,6083,4937,1146.0,19.0,-590,-2.0,-85.0,-9.699161597895776,81.16061154035837,0.803083391730904
DLF,Mar 2021,2021,5414,3945,1469.0,27.0,1083,4.0,45.0,20.003694126339123,72.86664203915774,1.7221570926143024
DLF,Mar 2022,2022,5717,3974,1743.0,30.0,1500,6.0,49.0,26.237537169844323,69.5119818086409,2.7888
DLF,Mar 2023,2023,5695,3969,1726.0,30.0,2034,8.0,49.0,35.71553994732221,69.69271290605793,4.403061224489796
DLF,Mar 2024,2024,6427,4303,2124.0,33.0,2724,11.0,45.0,42.38369379181578,66.95192158083087,5.966292134831461
DMART,Mar 2013,2013,3341,3126,215.0,6.0,94,2.0,0.0,2.8135288835677943,93.56480095779706,5.0
DMART,Mar 2014,2014,4686,4345,341.0,7.0,161,3.0,0.0,3.4357661118224496,92.72300469483568,6.089285714285714
DMART,Mar 2015,2015,6439,5983,456.0,7.0,212,4.0,0.0,3.292436713775431,92.91815499301134,6.333333333333333
DMART,Mar 2016,2016,8584,7919,664.0,8.0,320,6.0,0.0,3.727865796831314,92.25302889095992,7.2967032967032965
DMART,Mar 2017,2017,11898,10929,969.0,8.0,479,8.0,0.0,4.025886703647672,91.85577407967726,7.942622950819672
DMART,Mar 2018,2018,15033,13680,1353.0,9.0,806,13.0,0.0,5.361537949843678,90.99980043903413,22.55
DMART,Mar 2019,2019,20005,18371,1633.0,8.0,902,14.0,0.0,4.508872781804548,91.83204198950263,34.744680851063826
DMART,Mar 2020,2020,24870,22742,2128.0,9.0,1301,20.0,0.0,5.231202251708886,91.44350623240852,30.840579710144926
DMART,Mar 2021,2021,24143,22398,1745.0,7.0,1099,17.0,0.0,4.5520440707451435,92.77223211696972,41.54761904761905
DMART,Mar 2022,2022,30976,28474,2502.0,8.0,1492,23.0,0.0,4.8166322314049586,91.92277892561982,46.333333333333336
DMART,Mar 2023,2023,42840,39201,3639.0,8.0,2378,37.0,0.0,5.550887021475257,91.50560224089635,54.3134328358209
DMART,Mar 2024,2024,50789,46683,4106.0,8.0,2536,39.0,0.0,4.993207190533383,91.91557226958594,70.79310344827586
DRREDDY,Mar 2013,2013,11833,9164,2669.0,23.0,1527,18.0,17.0,12.904588861658075,77.44443505450857,26.69
DRREDDY,Mar 2014,2014,13415,10164,3251.0,24.0,1963,23.0,16.0,14.632873648900485,75.76593365635482,25.598425196850393
DRREDDY,Mar 2015,2015,15023,11515,3508.0,23.0,2336,27.0,15.0,15.549490780802769,76.64913798841776,32.48148148148148
DRREDDY,Mar 2016,2016,15568,11983,3585.0,23.0,2131,25.0,16.0,13.688335046248715,76.97199383350463,43.19277108433735
DRREDDY,Mar 2017,2017,14196,11724,2472.0,17.0,1292,16.0,26.0,9.101155255001409,82.58664412510566,31.29113924050633
DRREDDY,Mar 2018,2018,14281,11930,2351.0,16.0,947,11.0,35.0,6.631188292136406,83.53756739724109,29.759493670886076
DRREDDY,Mar 2019,2019,15448,12270,3178.0,21.0,1950,23.0,17.0,12.622993267736923,79.42775763852926,35.70786516853933
DRREDDY,Mar 2020,2020,17517,15040,2477.0,14.0,2026,24.0,21.0,11.565907404235885,85.8594508192042,25.275510204081634
DRREDDY,Mar 2021,2021,19048,15173,3874.0,20.0,1952,23.0,21.0,10.247795044099119,79.65665686686266,39.93814432989691
DRREDDY,Mar 2022,2022,21545,17778,3768.0,17.0,2182,26.0,23.0,10.127639823624971,82.51566488744488,39.25
DRREDDY,Mar 2023,2023,24670,18200,6470.0,26.0,4507,54.0,15.0,18.269152817186868,73.77381434941223,45.24475524475525
DRREDDY,Mar 2024,2024,28011,20078,7933.0,28.0,5578,67.0,12.0,19.913605369319196,71.67898325657778,46.39181286549707
EICHERMOT,Mar 2016,2016,6173,4484,1690.0,27.0,1338,49.0,20.0,21.675036449052325,72.63891138830391,845.0
EICHERMOT,Mar 2017,2017,7033,4859,2174.0,31.0,1667,61.0,16.0,23.702545144319636,69.08858239727002,543.5
EICHERMOT,Mar 2018,2018,8965,6156,2809.0,31.0,1960,72.0,15.0,21.862799776910204,68.66703848298941,561.8
EICHERMOT,Mar 2019,2019,9797,6893,2904.0,30.0,2203,81.0,15.0,22.486475451668877,70.35827294069612,414.85714285714283
EICHERMOT,Mar 2020,2020,9154,6971,2183.0,24.0,1827,67.0,19.0,19.958488092637097,76.15250163862792,114.89473684210526
EICHERMOT,Mar 2021,2021,8720,6937,1783.0,20.0,1347,49.0,34.0,15.447247706422019,79.55275229357798,111.4375
EICHERMOT,Mar 2022,2022,10298,8120,2178.0,21.0,1677,61.0,34.0,16.284715478733737,78.8502621868324,114.63157894736842
EICHERMOT,Mar 2023,2023,14442,10996,3446.0,24.0,2914,107.0,35.0,20.177260767206757,76.1390389142778,123.07142857142857
EICHERMOT,Mar 2024,2024,16536,12206,4329.0,26.0,4001,146.0,35.0,24.195694242864054,73.81470730527334,84.88235294117646
GAIL,Mar 2013,2013,50974,43547,7427.0,15.0,4367,6.0,28.0,8.567112645662494,85.42982697061247,16.9954233409611
GAIL,Mar 2014,2014,61765,53777,7988.0,13.0,4786,7.0,28.0,7.7487250060714,87.06710920424189,11.940209267563528
GAIL,Mar 2015,2015,60557,54926,5631.0,9.0,3160,5.0,24.0,5.21822415245141,90.70132272074244,8.636503067484663
GAIL,Mar 2016,2016,52053,47517,4536.0,9.0,1874,3.0,37.0,3.6001767429350853,91.28580485274624,5.518248175182482
GAIL,Mar 2017,2017,48552,42531,6021.0,12.0,3374,5.0,56.0,6.949250288350635,87.59886307464161,11.829076620825147
GAIL,Mar 2018,2018,54496,46695,7802.0,14.0,4805,7.0,43.0,8.817160892542573,85.68518790369936,26.447457627118645
GAIL,Mar 2019,2019,76190,66252,9938.0,13.0,6553,10.0,25.0,8.600866255414097,86.95629347683423,62.503144654088054
GAIL,Mar 2020,2020,72518,63495,9022.0,12.0,9515,14.0,31.0,13.120880333158663,87.55757191318018,29.197411003236247
GAIL,Mar 2021,2021,57372,50127,7245.0,13.0,6143,9.0,36.0,10.70731367217458,87.3718887262079,40.47486033519553
GAIL,Mar 2022,2022,92770,77608,15161.0,16.0,12304,18.0,36.0,13.262908267758974,83.65635442492186,75.05445544554455
GAIL,Mar 2023,2023,145668,138168,7500.0,5.0,5596,9.0,59.0,3.841612433753467,94.85130570887222,20.54794520547945
GAIL,Mar 2024,2024,133228,118914,14314.0,11.0,9903,15.0,37.0,7.433122166511544,89.25601224967724,19.908205841446453
GODREJCP,Mar 2013,2013,6412,5417,995.0,16.0,845,8.0,22.0,13.178415470991892,84.48222083593264,11.436781609195402
GODREJCP,Mar 2014,2014,7599,6430,1169.0,15.0,819,7.0,24.0,10.777733912356888,84.6163968943282,9.741666666666667
GODREJCP,Mar 2015,2015,8273,6894,1379.0,17.0,976,9.0,21.0,11.797413272089932,83.33131874773359,12.3125
GODREJCP,Mar 2016,2016,8424,6766,1657.0,20.0,831,8.0,24.0,9.864672364672366,80.31813865147198,12.9453125
GODREJCP,Mar 2017,2017,9268,7361,1907.0,21.0,1308,13.0,39.0,14.113077255071213,79.42382391022875,12.383116883116884
GODREJCP,Mar 2018,2018,9847,7763,2084.0,21.0,1634,16.0,42.0,16.593886462882097,78.83619376459835,12.046242774566474
GODREJCP,Mar 2019,2019,10314,8183,2132.0,21.0,2342,23.0,44.0,22.70700019391119,79.33876284661625,8.957983193277311
GODREJCP,Mar 2020,2020,9911,7757,2154.0,22.0,1497,15.0,55.0,15.104429421854505,78.26657249520734,9.447368421052632
GODREJCP,Mar 2021,2021,11029,8629,2399.0,22.0,1721,17.0,0.0,15.604315894460061,78.23918759633693,17.384057971014492
GODREJCP,Mar 2022,2022,12276,9867,2409.0,20.0,1783,17.0,0.0,14.524275008145976,80.3763440860215,19.74590163934426
GODREJCP,Mar 2023,2023,13316,10873,2443.0,18.0,1702,17.0,0.0,12.781616100931211,81.65364974466807,12.99468085106383
GODREJCP,Mar 2024,2024,14096,11139,2957.0,21.0,-561,-5.0,,-3.9798524404086266,79.02241770715096,9.538709677419355
GRASIM,Mar 2013,2013,27909,21986,5924.0,21.0,3778,57.0,8.0,13.536851911569745,78.77745530115733,18.28395061728395
GRASIM,Mar 2014,2014,28331,23416,4915.0,17.0,2954,44.0,9.0,10.42674102573153,82.65151247749814,10.995525727069351
GRASIM,Mar 2015,2015,31734,26590,5144.0,16.0,2582,37.0,9.0,8.136383689418288,83.79025650721623,7.712143928035982
GRASIM,Mar 2016,2016,34487,28576,5911.0,17.0,3455,51.0,9.0,10.018267753066374,82.86020819439209,8.232590529247911
GRASIM,Mar 2017,2017,36068,28682,7387.0,20.0,4246,66.0,8.0,11.772208051458357,79.52201397360541,10.522792022792023
GRASIM,Mar 2018,2018,55894,44281,11612.0,21.0,3688,39.0,15.0,6.598203742798869,79.2231724335349,3.17007917007917
GRASIM,Mar 2019,2019,77200,60560,16640.0,22.0,2745,25.0,27.0,3.5556994818652847,78.44559585492227,2.745874587458746
GRASIM,Mar 2020,2020,68252,57880,10373.0,15.0,6639,65.0,6.0,9.727187481685519,84.80337572525347,1.5055152394775035
GRASIM,Mar 2021,2021,76404,57769,18635.0,24.0,6987,63.0,14.0,9.144809172294645,75.60991571121932,3.2561593569806044
GRASIM,Mar 2022,2022,95701,75270,20431.0,21.0,11206,111.0,9.0,11.709386526786554,78.65121576577047,4.277847571189279
GRASIM,Mar 2023,2023,117627,96038,21589.0,18.0,11078,100.0,10.0,9.417905752930874,81.64622068062604,3.5719722038385173
GRASIM,Mar 2024,2024,130978,103783,27195.0,21.0,9926,85.0,12.0,7.578371940325857,79.23697109438226,2.9314433545327154
HAL,Mar 2013,2013,14328,13560,768.0,5.0,2997,124.0,28.0,20.917085427135678,94.63986599664992,153.6
HAL,Mar 2014,2014,15135,13565,1570.0,10.0,2693,28.0,33.0,17.793194582094483,89.62669309547407,196.25
HAL,Mar 2015,2015,15730,13379,2351.0,15.0,2388,25.0,20.0,15.181182453909727,85.05403687221869,156.73333333333332
HAL,Mar 2016,2016,16758,14281,2478.0,15.0,1998,28.0,31.0,11.92266380236305,85.21899988065401,413.0
HAL,Mar 2017,2017,17950,14714,3236.0,18.0,2616,36.0,31.0,14.573816155988858,81.97214484679665,202.25
HAL,Mar 2018,2018,18519,15059,3460.0,19.0,1987,30.0,54.0,10.729521032453155,81.31648577136994,98.85714285714286
HAL,Mar 2019,2019,20008,15440,4569.0,23.0,2346,35.0,28.0,11.72530987604958,77.16913234706118,25.8135593220339
HAL,Mar 2020,2020,21445,16565,4880.0,23.0,2842,42.0,39.0,13.252506411750991,77.24411284681743,13.593314763231199
HAL,Mar 2021,2021,22882,17541,5341.0,23.0,3239,48.0,31.0,14.155231186085132,76.65850887160214,20.00374531835206
HAL,Mar 2022,2022,24620,19200,5420.0,22.0,5086,76.0,26.0,20.65800162469537,77.98537774167343,83.38461538461539
HAL,Mar 2023,2023,26928,20258,6669.0,25.0,5811,87.0,32.0,21.57976827094474,75.23024361259655,104.203125
HAL,Mar 2024,2024,30381,20631,9749.0,32.0,7595,114.0,31.0,24.999177117277245,67.90757381258024,226.72093023255815
HAVELLS,Mar 2013,2013,7135,6461,674.0,9.0,581,9.0,16.0,8.142957252978276,90.55360896986684,5.479674796747967
HAVELLS,Mar 2014,2014,8051,7274,777.0,10.0,446,7.0,42.0,5.539684511240839,90.34902496584274,7.617647058823529
HAVELLS,Mar 2015,2015,8468,7713,755.0,9.0,385,6.0,49.0,4.546528105810109,91.0840812470477,7.864583333333333
HAVELLS,Mar 2016,2016,7594,6798,796.0,10.0,1300,21.0,29.0,17.118777982617857,89.51804055833553,8.747252747252746
HAVELLS,Mar 2017,2017,6130,5315,815.0,13.0,494,8.0,44.0,8.05872756933116,86.7047308319739,62.69230769230769
HAVELLS,Mar 2018,2018,8116,7083,1033.0,13.0,661,11.0,4.0,8.144406111384919,87.27205519960572,41.32
HAVELLS,Mar 2019,2019,10073,8885,1189.0,12.0,788,13.0,36.0,7.822892881961679,88.20609550282934,74.3125
HAVELLS,Mar 2020,2020,9440,8374,1067.0,11.0,735,12.0,34.0,7.786016949152542,88.70762711864407,20.92156862745098
HAVELLS,Mar 2021,2021,10457,8868,1589.0,15.0,1044,17.0,39.0,9.983742947308023,84.80443721908769,17.655555555555555
HAVELLS,Mar 2022,2022,13938,12163,1775.0,13.0,1196,19.0,39.0,8.58085808580858,87.26503085091117,26.492537313432837
HAVELLS,Mar 2023,2023,16911,15290,1621.0,10.0,1072,17.0,44.0,6.3390692448702035,90.41452309147891,29.472727272727273
HAVELLS,Mar 2024,2024,18590,16709,1881.0,10.0,1271,20.0,44.0,6.837009144701453,89.88165680473372,22.392857142857142
HCLTECH,Mar 2016 9m,2016,31136,24482,6654.0,21.0,5602,20.0,40.0,17.992034943473794,78.6292394655704,89.91891891891892
HCLTECH,Mar 2017,2017,47568,37178,10390.0,22.0,8606,30.0,40.0,18.091994618230743,78.15758493104609,116.74157303370787
HCLTECH,Mar 2018,2018,50569,39323,11246.0,22.0,8722,31.0,19.0,17.24772093575115,77.76107892186913,162.9855072463768
HCLTECH,Mar 2019,2019,60427,46501,13926.0,23.0,10120,37.0,11.0,16.747480430933194,76.95401062438975,80.03448275862068
HCLTECH,Mar 2020,2020,70676,53360,17316.0,24.0,11057,41.0,25.0,15.644631841077594,75.49946233516329,34.28910891089109
HCLTECH,Mar 2021,2021,75379,55331,20048.0,27.0,11169,41.0,24.0,14.817124132716009,73.40373313522333,39.23287671232877
HCLTECH,Mar 2022,2022,85651,65122,20529.0,24.0,13523,50.0,84.0,15.78849050215409,76.03180348157056,64.35423197492163
HCLTECH,Mar 2023,2023,101456,78828,22628.0,22.0,14845,55.0,88.0,14.631958681595963,77.6967355306734,64.10198300283287
HCLTECH,Mar 2024,2024,109913,85715,24198.0,22.0,15710,58.0,90.0,14.293122742532729,77.9844058482618,43.75768535262206
HDFCBANK,Mar 2013,2013,35861,19695,12631.0,3534.0,6903,14.0,19.0,19.249323777920306,54.92038704999861,1.770783681480443
HDFCBANK,Mar 2014,2014,42555,23445,13508.0,5602.0,8768,18.0,19.0,20.60392433321584,55.09340853013747,1.6278621354543263
HDFCBANK,Mar 2015,2015,50666,27288,16164.0,7214.0,10703,21.0,19.0,21.12462006079027,53.85860340267635,1.6932746700188561
HDFCBANK,Mar 2016,2016,63162,34070,20055.0,9037.0,12821,25.0,19.0,20.298597257844907,53.94066052373262,1.7887085265786657
HDFCBANK,Mar 2017,2017,73271,38042,23856.0,11374.0,15317,30.0,18.0,20.904587080836894,51.919586193719205,1.8485858194498257
HDFCBANK,Mar 2018,2018,85288,42381,29532.0,13374.0,18561,36.0,18.0,21.76273332708001,49.6916330550605,1.8391978576321852
HDFCBANK,Mar 2019,2019,105161,53713,34856.0,16592.0,22446,41.0,18.0,21.34441475451926,51.076920151006554,1.8396579933498707
HDFCBANK,Mar 2020,2020,122189,62137,45459.0,14593.0,27296,50.0,5.0,22.339163099788035,50.85318645704605,1.8272036657421922
HDFCBANK,Mar 2021,2021,128552,59248,52457.0,16848.0,31857,58.0,11.0,24.78141141328023,46.088742298836266,1.9191819412431859
HDFCBANK,Mar 2022,2022,135936,58584,56557.0,20795.0,38151,69.0,23.0,28.06541313559322,43.09675141242938,1.7808180358323624
HDFCBANK,Mar 2023,2023,170754,77780,63042.0,29932.0,46149,82.0,23.0,27.026599669700268,45.550909495531585,1.8589879688605804
HDFCBANK,Mar 2024,2024,283649,154139,174196.0,-44685.0,65446,84.0,23.0,23.07288232992184,54.34145722354036,1.4008974956974893
HDFCLIFE,Mar 2013,2013,14060,15,13535.0,525.0,447,2.0,0.0,3.1792318634423897,0.10668563300142249,483.39285714285717
HDFCLIFE,Mar 2014,2014,17166,11,16561.0,605.0,725,4.0,14.0,4.223464988931609,0.06408015845275544,68.71784232365145
HDFCLIFE,Mar 2015,2015,27215,-14,26341.0,874.0,786,4.0,18.0,2.8881131728826013,-0.05144221936432115,333.43037974683546
HDFCLIFE,Mar 2016,2016,18141,8,17187.0,953.0,817,4.0,22.0,4.503610605810043,0.044099002260073863,159.13888888888889
HDFCLIFE,Mar 2017,2017,30647,9,29674.0,972.0,887,4.0,25.0,2.8942473977877117,0.029366659053088395,213.4820143884892
HDFCLIFE,Mar 2018,2018,32260,11,31186.0,1074.0,1107,6.0,25.0,3.4314941103533787,0.034097954122752634,110.58865248226951
HDFCLIFE,Mar 2019,2019,38855,14,37640.0,1215.0,1278,6.0,26.0,3.289151975292755,0.036031398790374466,276.7647058823529
HDFCLIFE,Mar 2020,2020,29380,0,28239.0,1141.0,1297,6.0,0.0,4.414567733151804,0.0,76.52845528455285
HDFCLIFE,Mar 2021,2021,71528,0,70294.0,1235.0,1361,7.0,30.0,1.9027513700928307,0.0,157.96404494382023
HDFCLIFE,Mar 2022,2022,67126,0,66348.0,778.0,1327,6.0,27.0,1.976879301611894,0.0,86.61618798955614
HDFCLIFE,Mar 2023,2023,70207,0,70127.0,80.0,1368,6.0,30.0,1.9485236514877435,0.0,48.80097425191371
HDFCLIFE,Mar 2024,2024,101482,0,100951.0,531.0,1574,7.0,27.0,1.5510139729213062,0.0,192.28761904761905
HEROMOTOCO,Mar 2014,2014,25275,12,21722.0,3553.0,2102,105.0,62.0,8.316518298714143,0.04747774480712166,50.51627906976744
HEROMOTOCO,Mar 2015,2015,27538,12,24018.0,3520.0,2364,118.0,51.0,8.584501416224853,0.04357614932093834,73.90153846153846
HEROMOTOCO,Mar 2016,2016,28457,15,24033.0,4424.0,3112,157.0,46.0,10.935797870471237,0.052711107987489896,57.0855106888361
HEROMOTOCO,Mar 2017,2017,28610,27,24025.0,4585.0,3546,179.0,47.0,12.394267738552953,0.09437259699405802,28.94578313253012
HEROMOTOCO,Mar 2018,2018,32458,31,27124.0,5334.0,3722,186.0,51.0,11.467126748413333,0.09550804116088484,48.09219858156028
HEROMOTOCO,Mar 2019,2019,33971,37,28946.0,5025.0,3466,172.0,50.0,10.202820052397634,0.10891642871861294,39.063427800269906
HEROMOTOCO,Mar 2020,2020,29254,47,25184.0,4070.0,3659,182.0,49.0,12.50769125589663,0.16066178984070553,17.562064156206414
HEROMOTOCO,Mar 2021,2021,30959,46,26902.0,4058.0,2936,146.0,72.0,9.483510449303918,0.14858361058173714,48.64737793851718
HEROMOTOCO,Mar 2022,2022,29551,53,26295.0,3256.0,2329,116.0,82.0,7.881289973266556,0.17935095259043687,48.24770642201835
HEROMOTOCO,Mar 2023,2023,34158,105,30060.0,4099.0,2800,141.0,71.0,8.197201241290474,0.3073950465483928,53.01587301587302
HEROMOTOCO,Mar 2024,2024,37789,76,32554.0,5235.0,3742,187.0,75.0,9.902352536452407,0.2011167270898939,47.24818577648767
HINDALCO,Mar 2013,2013,80193,2079,72494.0,7699.0,3007,16.0,6.0,3.749703839487237,2.592495604354495,65.25112511251125
HINDALCO,Mar 2014,2014,87695,2702,79671.0,8024.0,2195,11.0,9.0,2.5029933291521753,3.08113347397229,117.68242245199409
HINDALCO,Mar 2015,2015,104281,4178,95437.0,8844.0,259,4.0,24.0,0.248367391950595,4.006482484824656,-114.7079326923077
HINDALCO,Mar 2016,2016,98759,5134,90981.0,7778.0,-702,-1.0,-82.0,-0.7108212922366569,5.198513553195152,60.654
HINDALCO,Mar 2017,2017,100184,5742,87867.0,12317.0,1882,8.0,13.0,1.8785434799968057,5.7314541244110835,73.34474123539232
HINDALCO,Mar 2018,2018,115183,3911,101488.0,13695.0,6083,27.0,4.0,5.281161282480921,3.3954663448599187,35.251128864188956
HINDALCO,Mar 2019,2019,130542,3778,115031.0,15511.0,5495,24.0,5.0,4.209373228539474,2.894087726555438,102.06832298136646
HINDALCO,Mar 2020,2020,118144,4197,103838.0,14306.0,3767,17.0,6.0,3.188481852654388,3.552444474539545,114.61147902869757
HINDALCO,Mar 2021,2021,132008,3738,114449.0,17559.0,3483,16.0,19.0,2.6384764559723655,2.831646566874735,-115.9564336372847
HINDALCO,Mar 2022,2022,195059,3768,166712.0,28347.0,13730,61.0,6.0,7.038895923797416,1.931723222204564,133.05027932960894
HINDALCO,Mar 2023,2023,223202,3646,200536.0,22666.0,10097,45.0,7.0,4.523704984722359,1.6334979077248413,153.43228768171386
HINDALCO,Mar 2024,2024,215962,3858,192090.0,23872.0,10155,45.0,8.0,4.702216130615571,1.7864253896518831,126.45819618169848
HINDUNILVR,Mar 2013,2013,27004,26,22784.0,4220.0,3839,18.0,104.0,14.216412383350615,0.09628203229151236,20.288512911843277
HINDUNILVR,Mar 2014,2014,29234,41,24475.0,4759.0,3956,18.0,71.0,13.532188547581583,0.14024765683792845,30.90277777777778
HINDUNILVR,Mar 2015,2015,31972,18,26560.0,5412.0,4376,20.0,74.0,13.68697610409108,0.05629926185412236,21.299117882919006
HINDUNILVR,Mar 2016,2016,32186,17,26276.0,5910.0,4151,19.0,83.0,12.896911700739452,0.05281799540172746,54.065843621399175
HINDUNILVR,Mar 2017,2017,33162,35,26834.0,6328.0,4490,21.0,82.0,13.539593510644716,0.10554248839032628,44.28052805280528
HINDUNILVR,Mar 2018,2018,35545,26,28046.0,7499.0,5227,24.0,83.0,14.705303136868759,0.07314671543114362,79.45042492917847
HINDUNILVR,Mar 2019,2019,39310,33,30430.0,8880.0,6060,28.0,78.0,15.41592470109387,0.08394810480793692,94.5031055900621
HINDUNILVR,Mar 2020,2020,39783,118,29922.0,9861.0,6756,31.0,80.0,16.982128044642185,0.29660910439132293,70.57075471698113
HINDUNILVR,Mar 2021,2021,47028,117,35402.0,11626.0,7999,34.0,119.0,17.00901590541805,0.24878795611125284,208.24705882352941
HINDUNILVR,Mar 2022,2022,52446,106,39589.0,12857.0,8892,38.0,90.0,16.954581855622926,0.20211264920108304,180.7716894977169
HINDUNILVR,Mar 2023,2023,60580,114,46433.0,14147.0,10143,43.0,91.0,16.743149554308353,0.1881809177946517,103.64508928571429
HINDUNILVR,Mar 2024,2024,61896,334,47237.0,14659.0,10282,44.0,96.0,16.611735814915342,0.539614837792426,57.817625458996325
ICICIBANK,Mar 2013,2013,44885,28285,31684.0,-15085.0,10130,15.0,24.0,22.568786899855187,63.016597972596635,1.0806275579809004
ICICIBANK,Mar 2014,2014,49479,29711,32852.0,-13084.0,11677,17.0,24.0,23.599911073384668,60.04769700276885,1.091972743892305
ICICIBANK,Mar 2015,2015,54964,32318,38766.0,-16120.0,12942,19.0,24.0,23.546321228440434,58.798486281929996,1.0996822875297856
ICICIBANK,Mar 2016,2016,59294,33996,52252.0,-26955.0,10927,16.0,29.0,18.428508786723782,57.334637568725334,1.241081183791744
ICICIBANK,Mar 2017,2017,60940,34836,63841.0,-37737.0,11340,16.0,14.0,18.608467344929437,57.1644240236298,1.2169926417324335
ICICIBANK,Mar 2018,2018,62162,34262,72806.0,-44906.0,9100,12.0,12.0,14.63916862391815,55.11727421897622,1.2816378263242205
ICICIBANK,Mar 2019,2019,71982,39178,83775.0,-50971.0,5689,7.0,15.0,7.903364730071407,54.427495762829594,1.4121365360303413
ICICIBANK,Mar 2020,2020,84836,44666,85361.0,-45190.0,11225,15.0,0.0,13.231411193361309,52.64981847328964,1.3142571208622016
ICICIBANK,Mar 2021,2021,89163,42659,91309.0,-44805.0,20364,27.0,8.0,22.83907001783251,47.84383656898041,1.2651231745503921
ICICIBANK,Mar 2022,2022,95407,41167,80798.0,-26558.0,26538,36.0,14.0,27.815569088222038,43.14882555787311,1.3004876949572663
ICICIBANK,Mar 2023,2023,121067,50543,87864.0,-17341.0,35461,49.0,16.0,29.290392922926973,41.7479577424071,1.3494286767416144
ICICIBANK,Mar 2024,2024,159516,74108,99560.0,-14152.0,46081,63.0,16.0,28.888011233982798,46.45803555756162,1.301063746373592
ICICIGI,Mar 2013,2013,4012,8,4191.0,-178.0,353,8.0,0.0,8.798604187437686,0.19940179461615154,7.151877133105802
ICICIGI,Mar 2014,2014,4352,9,4578.0,-225.0,520,12.0,0.0,11.948529411764707,0.2068014705882353,5.603427172582619
ICICIGI,Mar 2015,2015,4234,12,4456.0,-221.0,585,13.0,15.0,13.816721776098253,0.28341993386868214,4.491935483870968
ICICIGI,Mar 2016,2016,6033,0,5269.0,764.0,507,11.0,26.0,8.403779214321233,0.0,
ICICIGI,Mar 2017,2017,7520,0,6601.0,919.0,702,16.0,22.0,9.335106382978724,0.0,-3300.5
ICICIGI,Mar 2018,2018,6912,59,7174.0,-262.0,862,19.0,17.0,12.471064814814815,0.8535879629629629,4.572339069471001
ICICIGI,Mar 2019,2019,11163,70,9494.0,1669.0,1049,23.0,26.0,9.39711547075159,0.6270715757412882,-4747.0
ICICIGI,Mar 2020,2020,11517,0,9745.0,1772.0,1194,26.0,13.0,10.367283146652774,0.0,649.6666666666666
ICICIGI,Mar 2021,2021,12161,0,10090.0,2072.0,1473,32.0,25.0,12.112490749116027,0.0,840.8333333333334
ICICIGI,Mar 2022,2022,16026,0,15010.0,1016.0,1271,26.0,35.0,7.93086234868339,0.0,18.553770086526576
ICICIGI,Mar 2023,2023,17876,0,16612.0,1264.0,1729,35.0,31.0,9.672186171402998,0.0,16.762865792129162
ICICIGI,Mar 2024,2024,20487,0,17910.0,2577.0,1919,39.0,28.0,9.366915605017816,0.0,159.91071428571428
ICICIPRULI,Mar 2013,2013,20025,14,19280.0,745.0,1515,11.0,32.0,7.5655430711610485,0.06991260923845193,21.42222222222222
ICICIPRULI,Mar 2014,2014,21888,15,20384.0,1504.0,1561,11.0,70.0,7.131761695906433,0.06853070175438596,158.015503875969
ICICIPRULI,Mar 2015,2015,34453,17,32798.0,1655.0,1640,11.0,51.0,4.760107973180855,0.04934258264882593,762.7441860465116
ICICIPRULI,Mar 2016,2016,20849,0,19008.0,1842.0,1650,12.0,73.0,7.91404863542616,0.0,
ICICIPRULI,Mar 2017,2017,37816,15,36010.0,1806.0,1682,12.0,63.0,4.447852760736196,0.03966574994711233,277.0
ICICIPRULI,Mar 2018,2018,38832,20,37062.0,1771.0,1619,11.0,59.0,4.169241862381541,0.05150391429748661,280.77272727272725
ICICIPRULI,Mar 2019,2019,41463,23,40922.0,541.0,1139,8.0,40.0,2.747027470274703,0.05547114294672358,50.334563345633455
ICICIPRULI,Mar 2020,2020,21025,0,21344.0,-319.0,1067,7.0,11.0,5.074910820451843,0.0,13.52598225602028
ICICIPRULI,Mar 2021,2021,83182,0,83572.0,-390.0,956,7.0,30.0,1.1492871053833762,0.0,50.07309766327142
ICICIPRULI,Mar 2022,2022,63564,0,65728.0,-2163.0,759,5.0,10.0,1.194072116292241,0.0,20.59793168285804
ICICIPRULI,Mar 2023,2023,50478,0,52235.0,-1757.0,813,6.0,11.0,1.6106026387733272,0.0,17.85811965811966
ICICIPRULI,Mar 2024,2024,90307,0,92136.0,-1829.0,851,6.0,10.0,0.942341125272681,0.0,31.022222222222222
INDUSINDBK,Mar 2013,2013,6983,4750,1947.0,286.0,1061,20.0,15.0,15.194042675068022,68.02233996849492,1.4284666177549523
INDUSINDBK,Mar 2014,2014,8254,5363,2555.0,335.0,1408,27.0,13.0,17.058395929246426,64.97455779016235,1.351136964569011
INDUSINDBK,Mar 2015,2015,9692,6272,3133.0,288.0,1794,34.0,12.0,18.510111432108957,64.71316549731738,1.2295918367346939
INDUSINDBK,Mar 2016,2016,11872,7355,4188.0,329.0,2286,38.0,12.0,19.255390835579515,61.95249326145552,1.27024567788899
INDUSINDBK,Mar 2017,2017,14406,8343,5684.0,379.0,2868,48.0,13.0,19.908371511870055,57.91336942940441,1.3627427475425558
INDUSINDBK,Mar 2018,2018,17281,9783,6555.0,942.0,3606,60.0,12.0,20.866847983334296,56.61130721601759,1.38
INDUSINDBK,Mar 2019,2019,22261,13415,9283.0,-437.0,3301,55.0,14.0,14.82862405103095,60.26234221283859,1.6438817071011156
INDUSINDBK,Mar 2020,2020,28783,16724,12611.0,-553.0,4418,64.0,0.0,15.349338150991903,58.103741792030014,1.814271327866494
INDUSINDBK,Mar 2021,2021,29000,15472,15997.0,-2469.0,2836,37.0,14.0,9.779310344827588,53.351724137931036,2.4389388626314985
INDUSINDBK,Mar 2022,2022,30822,15822,15840.0,-839.0,4611,60.0,14.0,14.960093439750827,51.333463110765045,2.1598036542132535
INDUSINDBK,Mar 2023,2023,36368,18776,15525.0,2067.0,7390,95.0,15.0,20.320061592608887,51.62780466344039,1.9011756061719325
INDUSINDBK,Mar 2024,2024,45748,25132,17638.0,2978.0,8950,115.0,14.0,19.56369677362945,54.93573489551456,1.8787814230933106
INFY,Mar 2013,2013,40352,28814,11538.0,29.0,9429,21.0,25.0,23.366871530531323,71.40662172878667,2307.6
INFY,Mar 2014,2014,50133,36743,13390.0,27.0,10656,23.0,34.0,21.255460475136136,73.29104581812379,1487.7777777777778
INFY,Mar 2015,2015,53319,38436,14883.0,28.0,12372,27.0,55.0,23.20373600405109,72.08687334721206,1240.25
INFY,Mar 2016,2016,62441,45362,17079.0,27.0,13489,29.0,41.0,21.602793036626576,72.64777950385164,
INFY,Mar 2017,2017,68484,49880,18604.0,27.0,14353,31.0,41.0,20.958180012849716,72.83453069330062,
INFY,Mar 2018,2018,70522,51700,18822.0,27.0,16029,37.0,59.0,22.729077451008195,73.31045631150563,
INFY,Mar 2019,2019,82675,62505,20170.0,24.0,15410,35.0,60.0,18.639250075597218,75.60326579981856,
INFY,Mar 2020,2020,90791,68524,22267.0,25.0,16639,39.0,45.0,18.32670639160269,75.47444129924772,130.98235294117646
INFY,Mar 2021,2021,100472,72583,27889.0,28.0,19423,45.0,59.0,19.331754120550997,72.2420176765666,143.02051282051283
INFY,Mar 2022,2022,121641,90150,31491.0,26.0,22146,53.0,59.0,18.20603250548746,74.11152489703308,157.455
INFY,Mar 2023,2023,146767,111637,35130.0,24.0,24108,58.0,73.0,16.426035825492104,76.06410160322143,123.69718309859155
INFY,Mar 2024,2024,153670,117245,36425.0,24.0,26248,63.0,,17.08075746730006,76.29660961801262,77.5
IOC,Mar 2013,2013,461780,447919,13861.0,3.0,3627,3.0,36.0,0.7854389536142752,96.99835419463814,1.9348129536571748
IOC,Mar 2014,2014,488345,471123,17222.0,4.0,6967,5.0,30.0,1.4266553358793475,96.47339483357052,2.8954270342972426
IOC,Mar 2015,2015,449507,438932,10575.0,2.0,4872,3.0,33.0,1.0838540890353208,97.64742262078232,2.5172577957629136
IOC,Mar 2016,2016,346045,324007,22038.0,6.0,12413,8.0,28.0,3.587105723244087,93.63146411593868,6.320045884714655
IOC,Mar 2017,2017,355379,321230,34149.0,10.0,20385,14.0,45.0,5.736129596852938,90.39082219264503,9.123430403419716
IOC,Mar 2018,2018,421492,379834,41658.0,10.0,22626,15.0,90.0,5.36807341539104,90.11653839218775,10.750451612903225
IOC,Mar 2019,2019,528158,492896,35262.0,7.0,17274,12.0,49.0,3.2706122031664764,93.32358877457125,7.159796954314721
IOC,Mar 2020,2020,483763,467710,16053.0,3.0,-1876,-1.0,-437.0,-0.3877931962551911,96.68163956317453,2.7715814917127073
IOC,Mar 2021,2021,363950,324021,39929.0,11.0,21762,15.0,51.0,5.9793927737326555,89.02898749828273,13.613706102966246
IOC,Mar 2022,2022,589321,541563,47758.0,8.0,25727,18.0,46.0,4.365532536597202,91.8960973730785,8.756508984231756
IOC,Mar 2023,2023,841756,811073,30683.0,4.0,11704,7.0,42.0,1.3904266794653084,96.3548819372835,4.043621507643648
IOC,Mar 2024,2024,776352,700706,75646.0,10.0,43161,30.0,40.0,5.559462717942377,90.25622398087465,9.59852810557036
IRCTC,Mar 2015,2015,1059,907,152.0,14.0,131,13.0,20.0,12.370160528800756,85.64683663833806,
IRCTC,Mar 2016,2016,1367,1176,190.0,14.0,189,19.0,40.0,13.825896122896856,86.02779809802487,
IRCTC,Mar 2017,2017,1520,1206,314.0,21.0,229,11.0,49.0,15.06578947368421,79.34210526315789,104.66666666666667
IRCTC,Mar 2018,2018,1466,1192,274.0,19.0,221,11.0,21.0,15.075034106412005,81.30968622100954,91.33333333333333
IRCTC,Mar 2019,2019,1870,1487,383.0,20.0,309,4.0,98.0,16.524064171122994,79.5187165775401,191.5
IRCTC,Mar 2020,2020,2264,1562,703.0,31.0,513,6.0,39.0,22.659010600706715,68.99293286219081,70.3
IRCTC,Mar 2021,2021,777,589,188.0,24.0,187,2.0,43.0,24.066924066924066,75.8043758043758,23.5
IRCTC,Mar 2022,2022,1879,1005,874.0,47.0,660,8.0,42.0,35.125066524747204,53.485896753592336,79.45454545454545
IRCTC,Mar 2023,2023,3541,2265,1276.0,36.0,1006,13.0,44.0,28.410053657158997,63.9649816436035,79.75
IRCTC,Mar 2024,2024,4270,2804,1466.0,34.0,1111,14.0,47.0,26.01873536299766,65.66744730679157,77.15789473684211
IRFC,Mar 2013,2013,5550,22,5528.0,100.0,522,222.0,21.0,9.405405405405405,0.3963963963963964,1.356564417177914
IRFC,Mar 2014,2014,6197,19,6178.0,100.0,701,209.0,6.0,11.311925125060514,0.3065999677263192,1.3410028217929237
IRFC,Mar 2015,2015,6939,34,6905.0,100.0,758,212.0,20.0,10.923764231157227,0.48998414757169617,1.383213141025641
IRFC,Mar 2016,2016,7507,38,7468.0,99.0,849,188.0,40.0,11.309444518449448,0.506194218729186,1.3531436854502628
IRFC,Mar 2017,2017,9047,26,9021.0,100.0,934,143.0,40.0,10.323864264397038,0.2873880844478833,1.3096689895470384
IRFC,Mar 2018,2018,9267,38,9229.0,100.0,2055,3.0,18.0,22.17546131434121,0.4100571921873314,1.3903284121723412
IRFC,Mar 2019,2019,11134,48,11085.0,100.0,2255,2.0,18.0,20.25327824681157,0.43111190946649897,1.354637663448613
IRFC,Mar 2020,2020,13421,66,13355.0,100.0,3192,3.0,0.0,23.783622680873258,0.4917666343789584,1.3140804880448687
IRFC,Mar 2021,2021,15771,113,15657.0,99.0,4416,3.0,31.0,28.000760890241583,0.7165049774903304,1.3933434190620273
IRFC,Mar 2022,2022,20299,123,20177.0,99.0,6090,5.0,30.0,30.001477905315532,0.6059411793684418,1.4335346358792185
IRFC,Mar 2023,2023,23722,134,23588.0,99.0,6167,5.0,32.0,25.996964842761994,0.5648764859623978,1.3519802831432337
IRFC,Mar 2024,2024,26645,133,26513.0,100.0,6412,5.0,31.0,24.064552448864703,0.49915556389566523,1.3189891050196507
ITC,Mar 2013,2013,31618,20398,11221.0,35.0,7704,6.0,55.0,24.36586754380416,64.51388449617306,103.89814814814815
ITC,Mar 2014,2014,35306,22227,13080.0,37.0,9001,7.0,54.0,25.49425026907608,62.95530504730075,451.0344827586207
ITC,Mar 2015,2015,38817,24566,14252.0,37.0,9779,8.0,52.0,25.192570265605273,63.286704279053,156.6153846153846
ITC,Mar 2016,2016,39192,24661,14531.0,37.0,9501,8.0,73.0,24.242192284139623,62.923555827719944,186.2948717948718
ITC,Mar 2017,2017,42768,27298,15470.0,36.0,10477,8.0,56.0,24.497287691732136,63.828095772540216,315.7142857142857
ITC,Mar 2018,2018,43449,26928,16521.0,38.0,11493,9.0,56.0,26.45170199544293,61.976109921977496,143.66086956521738
ITC,Mar 2019,2019,48340,29802,18537.0,38.0,12836,10.0,56.0,26.553578816714936,61.650806785270994,261.0845070422535
ITC,Mar 2020,2020,49388,30044,19344.0,39.0,15593,12.0,82.0,31.57244674819794,60.83259091277233,238.8148148148148
ITC,Mar 2021,2021,49257,32193,17065.0,35.0,13383,11.0,101.0,27.16974237164261,65.35720811255253,294.2241379310345
ITC,Mar 2022,2022,60645,40021,20623.0,34.0,15503,12.0,93.0,25.563525434908072,65.99224997938823,343.71666666666664
ITC,Mar 2023,2023,70919,45215,25704.0,36.0,19477,15.0,100.0,27.463726222873987,63.75583412061647,329.53846153846155
ITC,Mar 2024,2024,70866,44634,26233.0,37.0,20751,16.0,84.0,29.282025230717128,62.98365930065194,327.9125
JINDALSTEL,Mar 2013,2013,19807,13701,6106.0,31.0,2952,31.0,5.0,14.903821881153128,69.17251476750643,5.722586691658857
JINDALSTEL,Mar 2014,2014,19286,13487,5799.0,30.0,1896,21.0,7.0,9.830965467178263,69.9315565695323,3.2091864969562813
JINDALSTEL,Mar 2015,2015,19401,13937,5464.0,28.0,-1452,-14.0,0.0,-7.48415030153085,71.83650327302716,1.9005217391304348
JINDALSTEL,Mar 2016,2016,19469,16032,3437.0,18.0,-3087,-32.0,0.0,-15.855976167240229,82.34629410858287,1.056238475722188
JINDALSTEL,Mar 2017,2017,21603,16894,4709.0,22.0,-2538,-25.0,0.0,-11.74836828218303,78.20210155996851,1.3684975297878523
JINDALSTEL,Mar 2018,2018,33286,26817,6469.0,19.0,-1616,-15.0,0.0,-4.85489394940816,80.56540287207835,1.673305742369374
JINDALSTEL,Mar 2019,2019,46966,38553,8412.0,18.0,-2412,-17.0,0.0,-5.135630030234638,82.087041689733,1.972795497185741
JINDALSTEL,Mar 2020,2020,37923,31092,6831.0,18.0,-400,-1.0,0.0,-1.0547688737705352,81.98718455818369,1.8128980891719746
JINDALSTEL,Mar 2021,2021,34579,23646,10933.0,32.0,4267,36.0,0.0,12.339859452268719,68.38254431880621,3.971304031965129
JINDALSTEL,Mar 2022,2022,51166,35650,15515.0,30.0,6766,56.0,5.0,13.223625063518742,69.67517492084588,8.217690677966102
JINDALSTEL,Mar 2023,2023,53212,43270,9942.0,19.0,3974,31.0,6.0,7.468240246560925,81.31624445613771,6.875518672199171
JINDALSTEL,Mar 2024,2024,50354,40153,10202.0,20.0,5943,58.0,3.0,11.802438733764944,79.74143067085038,7.884080370942813
JIOFIN,Mar 2023,2023,45,6,39.0,88.0,31,,0.0,68.88888888888889,13.333333333333334,
JIOFIN,Mar 2024,2024,1855,296,1559.0,84.0,1605,3.0,0.0,86.52291105121293,15.95687331536388,155.9
JSWENERGY,Mar 2013,2013,8870,6069,2801.0,32.0,901,6.0,36.0,10.15783540022548,68.4216459977452,2.908618899273105
JSWENERGY,Mar 2014,2014,8648,5394,3255.0,38.0,760,5.0,43.0,8.788159111933396,62.37280296022202,2.699004975124378
JSWENERGY,Mar 2015,2015,9347,5723,3624.0,39.0,1358,8.0,24.0,14.528725794372527,61.22820156199851,3.187335092348285
JSWENERGY,Mar 2016,2016,9824,5796,4029.0,41.0,1460,9.0,22.0,14.861563517915311,58.998371335504885,2.6895861148197597
JSWENERGY,Mar 2017,2017,8263,4939,3324.0,40.0,623,4.0,13.0,7.53963451530921,59.77247972891202,1.972700296735905
JSWENERGY,Mar 2018,2018,8049,5336,2713.0,34.0,85,0.0,0.0,1.0560318051931916,66.29394955895143,1.8633241758241759
JSWENERGY,Mar 2019,2019,9138,6283,2855.0,31.0,684,4.0,24.0,7.485226526592252,68.75683957102211,2.3951342281879193
JSWENERGY,Mar 2020,2020,8273,5316,2957.0,36.0,1081,7.0,15.0,13.066602199927473,64.25722228937506,2.813510941960038
JSWENERGY,Mar 2021,2021,6922,4009,2913.0,42.0,823,5.0,41.0,11.889627275353943,57.91678705576423,3.2511160714285716
JSWENERGY,Mar 2022,2022,8167,4596,3572.0,44.0,1743,11.0,19.0,21.341986041386065,56.275254071262395,4.597168597168597
JSWENERGY,Mar 2023,2023,10332,7050,3282.0,32.0,1480,9.0,22.0,14.3244289585753,68.23461091753774,3.8886255924170614
JSWENERGY,Mar 2024,2024,11486,6104,5382.0,47.0,1725,10.0,19.0,15.018283127285393,53.14295664286958,2.621529469069654
JSWSTEEL,Mar 2013,2013,38210,31698,6512.0,17.0,929,4.0,30.0,2.431300706621303,82.95734101020675,3.3106253177427556
JSWSTEEL,Mar 2014,2014,51220,42051,9169.0,18.0,402,2.0,74.0,0.7848496680983992,82.09878953533776,3.0082020997375327
JSWSTEEL,Mar 2015,2015,52972,43608,9364.0,18.0,1722,7.0,19.0,3.2507739938080498,82.3227365400589,2.6807901517320354
JSWSTEEL,Mar 2016,2016,41546,35124,6422.0,15.0,-481,-1.0,-67.0,-1.1577528522601455,84.54243489144562,1.7833935018050542
JSWSTEEL,Mar 2017,2017,55604,43296,12308.0,22.0,3467,15.0,19.0,6.235162937918135,77.8649018056255,3.2664543524416136
JSWSTEEL,Mar 2018,2018,71933,57017,14916.0,21.0,6113,26.0,16.0,8.49818581179709,79.26403736810643,4.0302620913266685
JSWSTEEL,Mar 2019,2019,84757,65827,18930.0,22.0,7524,32.0,16.0,8.877142890852673,77.66556154653892,4.832780188920092
JSWSTEEL,Mar 2020,2020,73326,61513,11813.0,16.0,3919,17.0,15.0,5.344625371628072,83.8897526116248,2.7697538100820633
JSWSTEEL,Mar 2021,2021,79839,59661,20178.0,25.0,7873,33.0,25.0,9.861095454602388,74.72663735768234,5.09931766489765
JSWSTEEL,Mar 2022,2022,146371,107257,39114.0,27.0,20938,85.0,25.0,14.304746158733629,73.27749349256342,7.8731884057971016
JSWSTEEL,Mar 2023,2023,165960,147490,18470.0,11.0,4139,17.0,25.0,2.4939744516751023,88.8708122439142,2.6760359316140248
JSWSTEEL,Mar 2024,2024,175006,146849,28157.0,16.0,8973,36.0,25.0,5.127252779904689,83.91083734271967,3.4740283775447254
KOTAKBANK,Mar 2013,2013,10838,6024,6603.0,-1789.0,2238,15.0,2.0,20.64956634065326,55.58221073998892,1.2916666666666667
KOTAKBANK,Mar 2014,2014,11986,6312,7053.0,-1379.0,2527,16.0,2.0,21.08293008509928,52.66143834473552,1.335289663006437
KOTAKBANK,Mar 2015,2015,13319,6966,9718.0,-3366.0,3105,20.0,2.0,23.312561003078308,52.30122381560177,1.1921000981354268
KOTAKBANK,Mar 2016,2016,20402,11123,11541.0,-2263.0,3524,19.0,3.0,17.27281639054995,54.5191647877659,1.512383698073647
KOTAKBANK,Mar 2017,2017,22324,11458,14832.0,-3965.0,5019,27.0,2.0,22.482530012542558,51.32592725318044,1.2720411663807891
KOTAKBANK,Mar 2018,2018,25131,12467,16805.0,-4141.0,6258,33.0,2.0,24.901516055867255,49.60805379809797,1.2282561029089314
KOTAKBANK,Mar 2019,2019,29831,15187,19758.0,-5114.0,7204,38.0,2.0,24.149374811437767,50.91012704904294,1.2235570968540996
KOTAKBANK,Mar 2020,2020,33474,15901,22578.0,-5005.0,8593,45.0,0.0,25.670669773555595,47.50253928422059,1.3366090457021076
KOTAKBANK,Mar 2021,2021,32820,12967,29812.0,-9958.0,9990,50.0,2.0,30.438756855575868,39.50944546008531,1.2638629811768696
KOTAKBANK,Mar 2022,2022,33741,11554,30699.0,-8512.0,12089,61.0,2.0,35.82881360955514,34.243205595566224,1.2308648410248186
KOTAKBANK,Mar 2023,2023,42151,14411,33485.0,-5746.0,14925,75.0,2.0,35.40841261180043,34.18898721264027,1.2883305759686046
KOTAKBANK,Mar 2024,2024,56237,22567,47052.0,-13382.0,18213,92.0,2.0,32.386151466116615,40.12838522680797,1.237006073034151
LICI,Mar 2019,2019,571508,565587,5920.0,1.0,2627,,2.0,0.4596611071061123,98.96396900830786,
LICI,Mar 2020,2020,628043,634989,-6947.0,-1.0,2710,,2.0,0.43149911709867,101.10597522781084,
LICI,Mar 2021,2021,690914,691166,-252.0,0.0,2974,7.0,0.0,0.43044431000095523,100.03647342505724,
LICI,Mar 2022,2022,723606,720280,3326.0,0.0,4125,57.0,23.0,0.5700616081127022,99.54035759791931,
LICI,Mar 2023,2023,784628,750420,34207.0,4.0,35997,65.0,5.0,4.5877791768838225,95.64022696105671,444.24675324675326
LICI,Mar 2024,2024,845966,813188,32779.0,4.0,40916,66.0,15.0,4.836600998148862,96.12537619715214,256.0859375
LODHA,Mar 2011,2011,2173,1663,510.0,23.0,264,6.0,0.0,12.149102623101703,76.53014265991716,1.802120141342756
LODHA,Mar 2012,2012,2954,2229,724.0,25.0,381,9.0,0.0,12.897765741367637,75.45700744752878,2.8503937007874014
LODHA,Mar 2015,2015,6236,4769,1467.0,24.0,798,18.0,0.0,12.796664528543939,76.47530468248877,2.981707317073171
LODHA,Mar 2016,2016,8249,6123,2126.0,26.0,703,16.0,0.0,8.522245120620681,74.2271790520063,2.151821862348178
LODHA,Mar 2017,2017,7926,6313,1614.0,20.0,584,13.0,0.0,7.368155437799646,79.64925561443351,2.192934782608696
LODHA,Mar 2018,2018,9677,7995,1682.0,17.0,794,10.0,0.0,8.20502221762943,82.61858013847267,4.312820512820513
LODHA,Mar 2019,2019,11907,8728,3179.0,27.0,1644,21.0,0.0,13.80700428319476,73.30141933316537,5.596830985915493
LODHA,Mar 2020,2020,12443,10526,1917.0,15.0,742,9.0,0.0,5.96319215623242,84.59374748854778,2.5905405405405406
LODHA,Mar 2021,2021,5449,4066,1383.0,25.0,48,1.0,0.0,0.8808955771701229,74.61919618278583,1.2174295774647887
LODHA,Mar 2022,2022,9233,7047,2186.0,24.0,1208,12.0,20.0,13.08350481966858,76.32405502003682,3.177325581395349
LODHA,Mar 2023,2023,9470,7406,2064.0,22.0,490,5.0,14.0,5.174234424498416,78.20485744456177,4.282157676348548
LODHA,Mar 2024,2024,10316,7651,2665.0,26.0,1554,16.0,,15.063978286157425,74.16634354400931,5.529045643153527
LT,Mar 2013,2013,74426,63032,11394.0,15.0,5291,38.0,22.0,7.1090747856931715,84.69083384838632,2.4545454545454546
LT,Mar 2014,2014,85054,70968,14086.0,17.0,4885,35.0,27.0,5.743410068897406,83.43875655465939,2.169079149984601
LT,Mar 2015,2015,91929,76245,15684.0,17.0,4966,34.0,32.0,5.401995017894244,82.93900727735534,2.1585466556564823
LT,Mar 2016,2016,101122,85637,15486.0,15.0,4592,31.0,40.0,4.541049425446491,84.68681394750895,2.2446731410349328
LT,Mar 2017,2017,109312,92691,16620.0,15.0,6486,43.0,22.0,5.933474824355972,84.79489900468384,2.4337384682969687
LT,Mar 2018,2018,119683,99572,20111.0,17.0,8004,53.0,30.0,6.687666585897746,83.19644393940659,2.6070780399274045
LT,Mar 2019,2019,135220,112354,22866.0,17.0,10217,63.0,28.0,7.555834935660405,83.08977961839965,2.448442017346611
LT,Mar 2020,2020,145452,120899,24553.0,17.0,10894,68.0,26.0,7.489756070731238,83.1195170915491,2.227837764268215
LT,Mar 2021,2021,135979,112519,23460.0,17.0,12921,82.0,44.0,9.502202545981364,82.74733598570367,1.996595744680851
LT,Mar 2022,2022,156521,132207,24314.0,16.0,10419,62.0,36.0,6.656614767347513,84.4659822004715,2.632809962100704
LT,Mar 2023,2023,183341,156175,27166.0,15.0,12531,75.0,32.0,6.834805089968965,85.18280144648497,2.876230809952356
LT,Mar 2024,2024,221113,191248,29865.0,14.0,15547,95.0,36.0,7.031246466738726,86.49333146400257,3.139718250630782
LTIM,Mar 2013,2013,3851,2981,870.0,23.0,562,174.0,54.0,14.593612048818489,77.40846533367957,41.42857142857143
LTIM,Mar 2014,2014,4920,3773,1147.0,23.0,996,309.0,55.0,20.243902439024392,76.6869918699187,37.0
LTIM,Mar 2015,2015,4978,3973,1005.0,20.0,769,238.0,63.0,15.447971072719968,79.81116914423463,100.5
LTIM,Mar 2016,2016,5846,4819,1028.0,18.0,836,49.0,72.0,14.300376325692781,82.43243243243244,171.33333333333334
LTIM,Mar 2017,2017,6501,5271,1230.0,19.0,971,57.0,29.0,14.936163667128133,81.07983387171205,410.0
LTIM,Mar 2018,2018,7306,6119,1187.0,16.0,1112,65.0,33.0,15.22036682179031,83.75307966055297,74.1875
LTIM,Mar 2019,2019,9446,7562,1883.0,20.0,1516,87.0,32.0,16.049121321194157,80.05504975651068,171.1818181818182
LTIM,Mar 2020,2020,10879,8849,2029.0,19.0,1520,87.0,32.0,13.971872414744002,81.34019670925636,24.44578313253012
LTIM,Mar 2021,2021,12370,9645,2725.0,22.0,1938,111.0,36.0,15.666936135812449,77.97089733225546,34.49367088607595
LTIM,Mar 2022,2022,26109,20860,5249.0,20.0,3950,225.0,41.0,15.128882760733847,79.89582136428052,42.67479674796748
LTIM,Mar 2023,2023,33183,27075,6108.0,18.0,4410,149.0,40.0,13.289937618660158,81.59298435946117,40.72
LTIM,Mar 2024,2024,35517,29130,6387.0,18.0,4585,155.0,42.0,12.90931103415266,82.01706225187938,28.77027027027027
M&M,Mar 2013,2013,68693,59578,9116.0,13.0,4129,33.0,19.0,6.010801682849781,86.7308168226748,3.9686547670875054
M&M,Mar 2014,2014,74001,63830,10170.0,14.0,5154,38.0,18.0,6.964770746341266,86.25559114066026,3.4427894380501014
M&M,Mar 2015,2015,71448,62655,8793.0,12.0,3381,25.0,23.0,4.732112865300638,87.69314746388982,2.7852391510928096
M&M,Mar 2016,2016,75841,65759,10082.0,13.0,3554,25.0,21.0,4.686119645046874,86.70639891351644,2.9934679334916865
M&M,Mar 2017,2017,83773,73038,10735.0,13.0,4051,30.0,22.0,4.83568691583207,87.18560872834922,2.943515217987387
M&M,Mar 2018,2018,92094,78868,13226.0,14.0,7958,60.0,11.0,8.641170977479531,85.6385866614546,3.3172811637822925
M&M,Mar 2019,2019,104721,89514,15207.0,15.0,6017,43.0,17.0,5.745743451647711,85.47855730942217,3.02867954590719
M&M,Mar 2020,2020,75382,65224,10158.0,13.0,-321,1.0,205.0,-0.4258311002626622,86.52463452813669,1.6870951669157948
M&M,Mar 2021,2021,74278,62791,11487.0,15.0,1512,15.0,54.0,2.035596004200436,84.53512480142169,1.8824975417895773
M&M,Mar 2022,2022,90171,75488,14683.0,16.0,7253,53.0,20.0,8.043606037417796,83.71649421654412,2.9260661618174573
M&M,Mar 2023,2023,121269,100983,20285.0,17.0,11374,83.0,18.0,9.379148834409454,83.27189966108403,3.479416809605489
M&M,Mar 2024,2024,139078,114186,24892.0,18.0,12270,91.0,21.0,8.82238743726542,82.10212974014581,3.3242521367521367
MARUTI,Mar 2013,2013,44304,39944,4361.0,10.0,2470,82.0,10.0,5.575117370892019,90.15890213073313,22.025252525252526
MARUTI,Mar 2014,2014,44542,39232,5310.0,12.0,2854,94.0,13.0,6.407435678685286,88.07866732522113,28.858695652173914
MARUTI,Mar 2015,2015,50801,43909,6892.0,14.0,3809,126.0,20.0,7.49788389992323,86.43333792641877,31.61467889908257
MARUTI,Mar 2016,2016,57589,48565,9024.0,16.0,5497,182.0,19.0,9.54522565073191,84.33034086370661,110.04878048780488
MARUTI,Mar 2017,2017,68085,57664,10421.0,15.0,7511,249.0,30.0,11.031798487185137,84.69413233458177,117.08988764044943
MARUTI,Mar 2018,2018,79809,67692,12118.0,15.0,7881,261.0,31.0,9.874826147426981,84.81750178551292,35.02312138728324
MARUTI,Mar 2019,2019,86068,75012,11056.0,13.0,7651,253.0,32.0,8.889482734581959,87.15434307756658,145.47368421052633
MARUTI,Mar 2020,2020,75660,68305,7355.0,10.0,5678,188.0,32.0,7.504625958234206,90.27887919640497,54.88805970149254
MARUTI,Mar 2021,2021,70372,64961,5411.0,8.0,4389,145.0,31.0,6.236855567555278,92.31086227476837,53.049019607843135
MARUTI,Mar 2022,2022,88330,82578,5752.0,7.0,3880,128.0,47.0,4.3926185893807315,93.48805615306239,45.29133858267716
MARUTI,Mar 2023,2023,118410,105288,13122.0,11.0,8264,274.0,34.0,6.9791402753145855,88.91816569546491,52.07142857142857
MARUTI,Mar 2024,2024,141858,123232,18626.0,13.0,13488,429.0,29.0,9.50809964894472,86.8699685601094,96.01030927835052
MOTHERSON,Mar 2013,2013,25298,23819,1480.0,6.0,452,1.0,26.0,1.7867025061269666,94.15368803858013,5.92
MOTHERSON,Mar 2014,2014,30414,28017,2397.0,8.0,1097,2.0,29.0,3.6068915630959424,92.1187610968633,8.153061224489797
MOTHERSON,Mar 2015,2015,34661,31817,2844.0,8.0,1292,2.0,31.0,3.7275323851014104,91.7948126136003,8.943396226415095
MOTHERSON,Mar 2016,2016,37216,33668,3548.0,10.0,1774,3.0,26.0,4.766766981943251,90.4664660361135,10.284057971014493
MOTHERSON,Mar 2017,2017,42376,38204,4171.0,10.0,2172,3.0,18.0,5.12554276005286,90.15480460638096,11.122666666666667
MOTHERSON,Mar 2018,2018,56303,51174,5128.0,9.0,2260,3.0,30.0,4.013995701827612,90.89036108200274,12.476885644768856
MOTHERSON,Mar 2019,2019,63523,58174,5348.0,8.0,2098,3.0,29.0,3.3027407395746424,91.57942792374416,12.643026004728132
MOTHERSON,Mar 2020,2020,60729,56075,4654.0,8.0,1294,2.0,40.0,2.1307777174002536,92.33644552026215,7.8482293423271505
MOTHERSON,Mar 2021,2021,57370,53000,4370.0,8.0,1569,2.0,46.0,2.7348788565452327,92.38277845563884,8.53515625
MOTHERSON,Mar 2022,2022,63774,59060,4714.0,7.0,1182,1.0,34.0,1.8534198889829712,92.60827296390379,8.681399631675875
MOTHERSON,Mar 2023,2023,78788,72537,6251.0,8.0,1670,2.0,29.0,2.119612123673656,92.06605066761435,8.003841229193341
MOTHERSON,Mar 2024,2024,98692,89370,9322.0,9.0,3020,4.0,20.0,3.0600251286831757,90.55445223523691,5.147432357813363
NAUKRI,Mar 2013,2013,472,351,121.0,26.0,76,8.0,12.0,16.101694915254235,74.36440677966102,40.333333333333336
NAUKRI,Mar 2014,2014,567,471,97.0,17.0,60,8.0,30.0,10.582010582010582,83.06878306878306,32.333333333333336
NAUKRI,Mar 2015,2015,732,711,21.0,3.0,-14,2.0,150.0,-1.912568306010929,97.1311475409836,5.25
NAUKRI,Mar 2016,2016,748,656,91.0,12.0,118,11.0,27.0,15.775401069518717,87.70053475935828,30.333333333333332
NAUKRI,Mar 2017,2017,888,896,-9.0,-1.0,-43,-2.0,-230.0,-4.842342342342342,100.9009009009009,-2.25
NAUKRI,Mar 2018,2018,988,769,219.0,22.0,501,42.0,13.0,50.708502024291505,77.83400809716599,43.8
NAUKRI,Mar 2019,2019,1151,1142,9.0,1.0,592,49.0,12.0,51.433536055603824,99.21807124239791,1.2857142857142858
NAUKRI,Mar 2020,2020,1312,1662,-350.0,-27.0,-246,-19.0,-31.0,-18.75,126.67682926829269,-25.0
NAUKRI,Mar 2021,2021,1128,1054,74.0,7.0,1418,110.0,7.0,125.70921985815602,93.43971631205675,6.7272727272727275
NAUKRI,Mar 2022,2022,1589,1143,446.0,28.0,12882,991.0,1.0,810.6985525487728,71.93203272498427,40.54545454545455
NAUKRI,Mar 2023,2023,2346,1997,348.0,15.0,-70,-8.0,-228.0,-2.9838022165387894,85.1236146632566,19.333333333333332
NAUKRI,Mar 2024,2024,2536,1825,711.0,28.0,595,44.0,49.0,23.462145110410095,71.96372239747633,20.314285714285713
NESTLEIND,Mar 2024,2024,24394,18581,5813.0,24.0,3933,41.0,79.0,16.12281708616873,76.17036976305648,40.08965517241379
NHPC,Mar 2013,2013,6381,2229,4152.0,65.0,2873,2.0,28.0,45.02429086350102,34.931828866948756,6.795417348608838
NHPC,Mar 2014,2014,7389,3047,4342.0,59.0,1633,1.0,27.0,22.10041954256327,41.23697388009202,3.6093100581878637
NHPC,Mar 2015,2015,8221,3087,5134.0,62.0,2798,2.0,27.0,34.03478895511495,37.55017637756964,3.9614197530864197
NHPC,Mar 2016,2016,8354,3571,4783.0,57.0,2365,2.0,81.0,28.309791716542975,42.74598994493656,4.123275862068965
NHPC,Mar 2017,2017,8623,3739,4884.0,57.0,3480,3.0,61.0,40.357184274614404,43.36077931114461,4.310679611650485
NHPC,Mar 2018,2018,7755,3508,4248.0,55.0,2785,2.0,57.0,35.912314635718886,45.23533204384268,4.597402597402597
NHPC,Mar 2019,2019,8983,4002,4981.0,55.0,2836,3.0,56.0,31.570744740064566,44.55081821217856,5.559151785714286
NHPC,Mar 2020,2020,10008,4562,5446.0,54.0,3345,3.0,52.0,33.42326139088729,45.583533173461234,6.209806157354618
NHPC,Mar 2021,2021,9648,4371,5277.0,55.0,3600,3.0,49.0,37.3134328358209,45.3047263681592,9.145580589254767
NHPC,Mar 2022,2022,9144,5131,4013.0,44.0,3774,4.0,52.0,41.272965879265094,56.11329833770778,6.848122866894198
NHPC,Mar 2023,2023,10607,4423,6184.0,58.0,4261,4.0,48.0,40.17158480248892,41.69887809936834,13.018947368421053
NHPC,Mar 2024,2024,9632,4825,4807.0,50.0,4028,4.0,53.0,41.81893687707641,50.09343853820598,7.90625
NTPC,Mar 2013,2013,71518,53370,18149.0,25.0,12586,13.0,38.0,17.598366844710423,74.62457003831203,7.285828984343637
NTPC,Mar 2014,2014,78330,58603,19727.0,25.0,11403,12.0,42.0,14.557640750670242,74.81552406485382,6.045663499846767
NTPC,Mar 2015,2015,79957,62605,17352.0,22.0,9992,10.0,21.0,12.496716985379642,78.29833535525344,4.7293540474243665
NTPC,Mar 2016,2016,73396,54829,18568.0,25.0,10781,11.0,26.0,14.688811379366722,74.70298108888768,5.516339869281046
NTPC,Mar 2017,2017,82042,60445,21598.0,26.0,10714,11.0,37.0,13.059164818020038,73.67567831110895,5.754862776445511
NTPC,Mar 2018,2018,88083,65598,22485.0,26.0,10502,11.0,40.0,11.922845497996208,74.47294029494908,5.056217674836969
NTPC,Mar 2019,2019,100287,77576,22710.0,23.0,14034,14.0,44.0,13.993837685841633,77.35399403711348,4.051739518287244
NTPC,Mar 2020,2020,109464,77878,31586.0,29.0,11902,12.0,27.0,10.872981071402469,71.14485127530511,3.857125412138234
NTPC,Mar 2021,2021,111531,77487,34044.0,31.0,14969,15.0,41.0,13.421380602702387,69.47575113645533,3.6908065915004338
NTPC,Mar 2022,2022,132669,92307,40362.0,30.0,16960,17.0,41.0,12.7836947591374,69.57691698889718,4.304820819112628
NTPC,Mar 2023,2023,176207,128611,47596.0,27.0,17121,17.0,42.0,9.716413082340656,72.98858728654368,4.157945313182493
NTPC,Mar 2024,2024,178501,127045,51456.0,29.0,21332,21.0,36.0,11.950633329785267,71.17327073797905,4.183074546784814
ONGC,Mar 2013,2013,161984,118482,43501.0,27.0,23994,19.0,34.0,14.812574081390755,73.1442611615962,89.87809917355372
ONGC,Mar 2014,2014,174121,124991,49130.0,28.0,26665,21.0,31.0,15.314063208917936,71.78398929480075,78.73397435897436
ONGC,Mar 2015,2015,160923,118610,42312.0,26.0,17703,14.0,44.0,11.000913480360172,73.70605817689206,14.773743016759777
ONGC,Mar 2016,2016,124036,84901,39135.0,32.0,13102,10.0,56.0,10.563062336740945,68.44867619078332,10.391662241104621
ONGC,Mar 2017,2017,282506,229702,52804.0,19.0,29169,19.0,40.0,10.325090440557014,81.308715567103,14.704539125591758
ONGC,Mar 2018,2018,322706,265817,56889.0,18.0,26068,17.0,38.0,8.077940912161534,82.37126052815876,11.380076015203041
ONGC,Mar 2019,2019,421624,346805,74819.0,18.0,33938,24.0,29.0,8.049352029296244,82.25456805115459,12.81805722117526
ONGC,Mar 2020,2020,396728,344623,52105.0,13.0,11456,9.0,58.0,2.8876207376338447,86.86631646871407,6.957537721992256
ONGC,Mar 2021,2021,303849,254375,49473.0,16.0,21360,13.0,28.0,7.029807568891126,83.7175702404813,9.740696987595983
ONGC,Mar 2022,2022,491246,411373,79874.0,16.0,49294,36.0,29.0,10.03448374134344,83.74073274896895,14.022823033707866
ONGC,Mar 2023,2023,632291,556764,75527.0,12.0,32778,28.0,40.0,5.184005465837723,88.05502529689653,9.573710229433388
ONGC,Mar 2024,2024,591396,488561,102835.0,17.0,57101,39.0,31.0,9.655290194725701,82.6114819849982,10.087796743182263
PFC,Mar 2013,2013,17314,331,5987.0,35.0,4438,13.0,21.0,25.63243617881483,1.911747718609218,0.5445202364711232
PFC,Mar 2014,2014,21407,748,7607.0,36.0,5462,17.0,22.0,25.515018451908254,3.494184145373009,0.5827779054623459
PFC,Mar 2015,2015,24988,1103,8429.0,34.0,6004,18.0,20.0,24.027533215943652,4.414118777012966,0.5453545548654244
PFC,Mar 2016,2016,27861,2042,9162.0,33.0,6184,19.0,30.0,22.19590108036323,7.329241592189799,0.5500390226331272
PFC,Mar 2017,2017,27581,5538,5275.0,19.0,2236,7.0,59.0,8.107030201950618,20.079039918784673,0.31458730916030536
PFC,Mar 2018,2018,48624,6583,11752.0,24.0,8797,20.0,31.0,18.091888779203686,13.538581770319183,0.3879956419822378
PFC,Mar 2019,2019,54106,1696,17783.0,33.0,12640,30.0,0.0,23.361549550881602,3.134587661257532,0.5135587836081671
PFC,Mar 2020,2020,62189,7332,14012.0,23.0,9477,22.0,35.0,15.23902941034588,11.78986637508241,0.34305300526380217
PFC,Mar 2021,2021,71656,7102,19871.0,28.0,15716,36.0,22.0,21.932566707602994,9.911242603550296,0.4447005639602542
PFC,Mar 2022,2022,76262,8215,23338.0,31.0,18768,42.0,23.0,24.60989745876059,10.772075214392489,0.5219978080475967
PFC,Mar 2023,2023,77684,4167,26501.0,34.0,21179,48.0,22.0,27.263014262911284,5.364038926934761,0.5636471914413935
PFC,Mar 2024,2024,91508,-27,33573.0,37.0,26461,60.0,23.0,28.916597455960137,-0.029505616995235386,0.5792243193816639
PIDILITIND,Mar 2013,2013,3678,3120,558.0,15.0,424,8.0,31.0,11.52800435019032,84.82871125611744,34.875
PIDILITIND,Mar 2014,2014,4283,3611,672.0,16.0,450,9.0,31.0,10.506654214335747,84.31006303992528,42.0
PIDILITIND,Mar 2015,2015,4844,4073,771.0,16.0,514,10.0,29.0,10.611065235342693,84.08340214698596,48.1875
PIDILITIND,Mar 2016,2016,5361,4188,1173.0,22.0,807,16.0,26.0,15.05316172355904,78.11975377728035,90.23076923076923
PIDILITIND,Mar 2017,2017,5617,4355,1262.0,22.0,863,17.0,28.0,15.364073348762686,77.53249065337369,90.14285714285714
PIDILITIND,Mar 2018,2018,6078,4737,1341.0,22.0,966,19.0,32.0,15.893385982230997,77.93682132280355,83.8125
PIDILITIND,Mar 2019,2019,7078,5707,1371.0,19.0,928,18.0,36.0,13.111048318734106,80.63012150324951,52.73076923076923
PIDILITIND,Mar 2020,2020,7294,5718,1576.0,22.0,1122,22.0,32.0,15.382506169454347,78.3931998903208,46.35294117647059
PIDILITIND,Mar 2021,2021,7293,5606,1686.0,23.0,1126,22.0,38.0,15.439462498286026,76.86822980940629,45.567567567567565
PIDILITIND,Mar 2022,2022,9921,8065,1856.0,19.0,1207,24.0,42.0,12.166112287067836,81.29220844672916,44.19047619047619
PIDILITIND,Mar 2023,2023,11799,9813,1986.0,17.0,1289,25.0,44.0,10.924654631748453,83.16806509026189,41.375
PIDILITIND,Mar 2024,2024,12383,9675,2708.0,22.0,1747,34.0,47.0,14.108051360736493,78.13130905273358,53.09803921568628
PNB,Mar 2013,2013,43071,12456,,,5020,28.0,19.0,11.655174014998492,28.919690743191474,
PNB,Mar 2014,2014,44958,16112,,,3674,20.0,10.0,8.172071711375061,35.837893144712844,
PNB,Mar 2015,2015,48710,18760,,,3525,18.0,18.0,7.236707041675221,38.51365222746869,
PNB,Mar 2016,2016,50804,27453,,,-3510,-19.0,-2.0,-6.908904810644831,54.03708369419731,
PNB,Mar 2017,2017,48058,22533,,,1239,6.0,0.0,2.578134753839111,46.88709476049773,
PNB,Mar 2018,2018,48725,43345,,,-12111,-44.0,0.0,-24.855823499230375,88.9584402257568,
PNB,Mar 2019,2019,52147,39645,,,-9550,-21.0,0.0,-18.31361343893225,76.02546646978733,
PNB,Mar 2020,2020,54918,25867,,,485,1.0,0.0,0.883134855602899,47.101132597691105,
PNB,Mar 2021,2021,81935,38601,,,2695,2.0,0.0,3.289192652712516,47.11173491182035,
PNB,Mar 2022,2022,76242,36026,,,3908,4.0,18.0,5.125783688780462,47.252170719550904,
PNB,Mar 2023,2023,86845,41502,,,3359,3.0,21.0,3.8678104669238302,47.788588865219644,
PNB,Mar 2024,2024,109065,39623,,,9157,8.0,18.0,8.395910695456838,36.329711639847794,
POWERGRID,Mar 2013,2013,13081,2244,10837.0,83.0,4313,5.0,31.0,32.97148536044645,17.154651785031724,4.169680646402463
POWERGRID,Mar 2014,2014,15555,2588,12967.0,83.0,4548,5.0,30.0,29.238187078109934,16.63773706203793,3.984941610325753
POWERGRID,Mar 2015,2015,17540,2613,14927.0,85.0,5046,5.0,21.0,28.76852907639681,14.897377423033067,3.6576819407008085
POWERGRID,Mar 2016,2016,20652,2468,18184.0,88.0,5959,6.0,20.0,28.854348247143136,11.950416424559366,3.5753047581596538
POWERGRID,Mar 2017,2017,25697,3247,22450.0,87.0,7451,8.0,31.0,28.995602599525238,12.63571623146671,3.618633139909736
POWERGRID,Mar 2018,2018,29954,3993,25961.0,87.0,8204,9.0,33.0,27.388662616011217,13.330440008012284,3.5446477334789734
POWERGRID,Mar 2019,2019,35059,8140,26920.0,77.0,10034,11.0,43.0,28.62032573661542,23.2180039362218,3.0811491358589906
POWERGRID,Mar 2020,2020,37744,4858,32886.0,87.0,11059,12.0,47.0,29.300021195421788,12.870919881305637,3.458407824166579
POWERGRID,Mar 2021,2021,39640,4734,34906.0,88.0,12036,13.0,52.0,30.363269424823407,11.942482341069628,4.290842040565458
POWERGRID,Mar 2022,2022,41622,5796,35826.0,86.0,16824,18.0,61.0,40.420931238287444,13.925327951564077,4.458188153310105
POWERGRID,Mar 2023,2023,45603,6028,39576.0,87.0,15420,17.0,67.0,33.81356489704624,13.21842861215271,4.107951006850737
POWERGRID,Mar 2024,2024,45843,6017,39826.0,87.0,15573,17.0,67.0,33.97028990249329,13.125231769299567,4.539610167559558
RECLTD,Mar 2013,2013,13634,365,13270.0,97.0,3833,15.0,21.0,28.113539680211236,2.677130702655127,1.641717184213782
RECLTD,Mar 2014,2014,17223,572,16650.0,97.0,4741,18.0,20.0,27.527143935435173,3.321140335597747,1.6591928251121075
RECLTD,Mar 2015,2015,20544,1149,19395.0,94.0,5344,20.0,20.0,26.012461059190027,5.592873831775701,1.6380912162162162
RECLTD,Mar 2016,2016,24125,1680,22445.0,93.0,5691,22.0,30.0,23.589637305699483,6.963730569948187,1.5715586052373618
RECLTD,Mar 2017,2017,24338,1888,22450.0,92.0,6313,24.0,30.0,25.938861040348428,7.757416385898595,1.6676571088991234
RECLTD,Mar 2018,2018,22658,3379,19279.0,85.0,4451,17.0,41.0,19.644275752493602,14.913054991614441,1.4459611490287256
RECLTD,Mar 2019,2019,25408,1702,23705.0,93.0,5741,22.0,38.0,22.59524559193955,6.698677581863979,1.5157618773578874
RECLTD,Mar 2020,2020,29942,3981,25961.0,87.0,4972,19.0,44.0,16.605437178545188,13.295705029724134,1.3670159549260177
RECLTD,Mar 2021,2021,35557,3292,32265.0,91.0,8378,32.0,30.0,23.562167786933657,9.258373878561184,1.5014658662571547
RECLTD,Mar 2022,2022,39276,4838,34438.0,88.0,10036,38.0,30.0,25.55250025460841,12.317954985232712,1.561743231599474
RECLTD,Mar 2023,2023,39486,1858,37628.0,95.0,11167,42.0,30.0,28.28090968951021,4.70546522818214,1.5854717060632875
RECLTD,Mar 2024,2024,47517,-366,47883.0,101.0,14145,54.0,30.0,29.7682934528695,-0.7702506471368142,1.5988713770535594
RELIANCE,Mar 2013,2013,395957,362802,33155.0,8.0,20886,15.0,13.0,5.274815194579209,91.62661602143667,9.574068726537684
RELIANCE,Mar 2014,2014,433521,398586,34935.0,8.0,22548,16.0,12.0,5.2011321250873666,91.94156684451272,9.107142857142858
RELIANCE,Mar 2015,2015,374372,336923,37449.0,10.0,23640,17.0,12.0,6.314574807945039,89.9968480548759,11.293425814234016
RELIANCE,Mar 2016,2016,272583,230802,41781.0,15.0,29861,22.0,10.0,10.954828437576811,84.67219158935076,11.31969655919805
RELIANCE,Mar 2017,2017,303954,257647,46307.0,15.0,29833,22.0,11.0,9.81497200234246,84.76512893398343,12.030917121330216
RELIANCE,Mar 2018,2018,390823,326508,64315.0,16.0,36080,27.0,10.0,9.231800584919515,83.54370136865026,7.987456532538499
RELIANCE,Mar 2019,2019,568337,484087,84250.0,15.0,39837,29.0,10.0,7.00939759332931,85.17604871757426,5.107608366171567
RELIANCE,Mar 2020,2020,596679,507413,89266.0,15.0,39880,29.0,10.0,6.683660728800578,85.03952711591995,4.052571843646434
RELIANCE,Mar 2021,2021,466307,385517,80790.0,17.0,53739,39.0,9.0,11.524382005845935,82.67450413568743,3.8128274104488176
RELIANCE,Mar 2022,2022,694673,586092,108581.0,16.0,67845,45.0,9.0,9.76646566082171,84.36948031663819,7.445213933077345
RELIANCE,Mar 2023,2023,876396,734078,142318.0,16.0,74088,49.0,9.0,8.45371270521545,83.76099388860744,7.271881866026264
RELIANCE,Mar 2024,2024,899041,736543,162498.0,18.0,79020,51.0,10.0,8.789365557299389,81.92540718387704,7.02906825849987
SBILIFE,Mar 2013,2013,14870,14443,427.0,3.0,630,6.0,8.0,4.236718224613315,97.12844653665097,106.75
SBILIFE,Mar 2014,2014,17258,16747,511.0,3.0,728,7.0,14.0,4.218333526480473,97.03905435160505,102.2
SBILIFE,Mar 2015,2015,23399,22505,794.0,3.0,815,8.0,15.0,3.4830548314030514,96.17932390273089,198.5
SBILIFE,Mar 2016,2016,19324,18404,920.0,5.0,844,8.0,14.0,4.367625750362244,95.2390809356241,184.0
SBILIFE,Mar 2017,2017,30548,29479,1068.0,4.0,955,10.0,16.0,3.1262275762734055,96.50058923661123,213.6
SBILIFE,Mar 2018,2018,34068,32736,1332.0,4.0,1150,12.0,17.0,3.3756017377010687,96.0901725959845,222.0
SBILIFE,Mar 2019,2019,44604,43130,1474.0,3.0,1327,13.0,15.0,2.9750695004932295,96.69536364451619,184.25
SBILIFE,Mar 2020,2020,43798,42447,1351.0,3.0,1422,14.0,0.0,3.246723594684689,96.91538426412166,
SBILIFE,Mar 2021,2021,81913,81040,872.0,1.0,1456,15.0,17.0,1.7774956356133946,98.9342351030972,
SBILIFE,Mar 2022,2022,82983,82254,730.0,1.0,1506,15.0,13.0,1.8148295434004555,99.12150681464878,
SBILIFE,Mar 2023,2023,80636,80514,122.0,0.0,1721,17.0,15.0,2.1342824544868297,99.84870281263952,12.2
SBILIFE,Mar 2024,2024,131988,131742,246.0,0.0,1894,19.0,14.0,1.4349789374791648,99.81361941994726,27.333333333333332
SBIN,Mar 2013,2013,167976,66283,-5124.0,-3.0,18555,26.0,16.0,11.046220888698386,39.45980378149259,-0.047969443352244005
SBIN,Mar 2014,2014,189062,82198,-14614.0,-8.0,14807,19.0,16.0,7.831822365150057,43.47674307898996,-0.12030062809209822
SBIN,Mar 2015,2015,207974,96675,-21879.0,-11.0,17832,23.0,15.0,8.574148691663382,46.48417590660371,-0.16428265717568086
SBIN,Mar 2016,2016,220633,109985,-32399.0,-15.0,13019,16.0,17.0,5.900749207960731,49.84975049063377,-0.2264919921424427
SBIN,Mar 2017,2017,230447,145666,-64334.0,-28.0,-97,0.0,859.0,-0.042092107946729615,63.21019583678677,-0.43143882238540726
SBIN,Mar 2018,2018,228970,169065,-86697.0,-38.0,-3749,-5.0,0.0,-1.6373324016246669,73.83718391055596,-0.591372618568515
SBIN,Mar 2019,2019,253322,166104,-68649.0,-27.0,3351,3.0,0.0,1.322822336788751,65.57030182929236,-0.44043318983492336
SBIN,Mar 2020,2020,269852,172909,-64181.0,-24.0,21140,22.0,0.0,7.833923780442613,64.07549323332789,-0.39833296094933096
SBIN,Mar 2021,2021,278115,192821,-70715.0,-25.0,23888,25.0,16.0,8.589252647286195,69.33139169048775,-0.45327222613935003
SBIN,Mar 2022,2022,289973,197349,-63570.0,-22.0,37183,40.0,18.0,12.822917995813404,68.05771571835999,-0.4069938666017901
SBIN,Mar 2023,2023,350845,204303,-43439.0,-12.0,57750,62.0,18.0,16.460260228876,58.23169775826932,-0.22864918070754445
SBIN,Mar 2024,2024,439189,239750,-60297.0,-14.0,69543,75.0,18.0,15.83441297482405,54.58925428460184,-0.23214725721501833
SHREECEM,Mar 2016 9m,2016,5514,4107,1407.0,26.0,1143,328.0,7.0,20.729053318824807,74.48313384113166,18.513157894736842
SHREECEM,Mar 2017,2017,8594,6081,2513.0,29.0,1339,384.0,36.0,15.580637654177332,70.75866883872469,19.48062015503876
SHREECEM,Mar 2018,2018,9833,7360,2473.0,25.0,1384,397.0,13.0,14.075053391640393,74.84999491508187,18.31851851851852
SHREECEM,Mar 2019,2019,12555,9758,2797.0,22.0,1015,289.0,21.0,8.084428514536041,77.72202309836719,11.278225806451612
SHREECEM,Mar 2020,2020,12868,9098,3771.0,29.0,1544,426.0,26.0,11.998756605533105,70.70251787379546,12.958762886597938
SHREECEM,Mar 2021,2021,13560,9468,4091.0,30.0,2337,646.0,9.0,17.234513274336283,69.82300884955752,16.298804780876495
SHREECEM,Mar 2022,2022,15010,11300,3710.0,25.0,1269,352.0,14.0,8.454363757495004,75.28314457028648,14.106463878326997
SHREECEM,Mar 2023,2023,17852,14893,2960.0,17.0,2369,664.0,28.0,13.270221823885278,83.4248263499888,11.254752851711027
SHREECEM,Mar 2024,2024,20521,16003,4518.0,22.0,1733,480.0,16.0,8.445007553238145,77.98352906778422,17.511627906976745
SHRIRAMFIN,Mar 2013,2013,7009,1738,2179.0,31.0,1463,12.0,11.0,20.873163076045085,24.79668997003852,0.7047218628719275
SHRIRAMFIN,Mar 2014,2014,8476,2244,1999.0,24.0,1358,11.0,12.0,16.021708352996697,26.474752241623406,0.47224190881171746
SHRIRAMFIN,Mar 2015,2015,9177,2781,1691.0,18.0,1028,8.0,22.0,11.201917838073443,30.30402092186989,0.35932851678708033
SHRIRAMFIN,Mar 2016,2016,10359,3447,1824.0,18.0,1184,9.0,19.0,11.429674679023073,33.27541268462207,0.3584905660377358
SHRIRAMFIN,Mar 2017,2017,10903,3712,1972.0,18.0,1266,10.0,7.0,11.611483078051913,34.04567550215537,0.3778501628664495
SHRIRAMFIN,Mar 2018,2018,13502,3288,3805.0,28.0,2549,20.0,10.0,18.878684639312695,24.35194785957636,0.5936963644874396
SHRIRAMFIN,Mar 2019,2019,15536,4171,3801.0,24.0,2576,20.0,11.0,16.580844490216272,26.84732234809475,0.5025118984664199
SHRIRAMFIN,Mar 2020,2020,16561,4683,3565.0,22.0,2512,20.0,5.0,15.168166173540246,28.27727794215325,0.4288463851798388
SHRIRAMFIN,Mar 2021,2021,17422,4932,3402.0,20.0,2499,18.0,18.0,14.343932958328551,28.309034554012168,0.3742986027065684
SHRIRAMFIN,Mar 2022,2022,19255,5816,3666.0,19.0,2721,20.0,20.0,14.131394443001819,30.205141521682684,0.3751151130666121
SHRIRAMFIN,Mar 2023,2023,30492,8706,8799.0,29.0,6020,32.0,22.0,19.742883379247015,28.551751279024007,0.6775236775236775
SHRIRAMFIN,Mar 2024,2024,36388,10278,10523.0,29.0,7399,39.0,23.0,20.333626470264925,28.245575464438826,0.6750705671028997
SUNPHARMA,Mar 2013,2013,11131,6346,4784.0,43.0,3469,14.0,9.0,31.165214266463032,57.01194861198455,111.25581395348837
SUNPHARMA,Mar 2014,2014,16080,9078,7003.0,44.0,3879,15.0,10.0,24.12313432835821,56.45522388059702,159.1590909090909
SUNPHARMA,Mar 2015,2015,27392,19498,7894.0,29.0,5476,22.0,14.0,19.99123831775701,71.18136682242991,13.63385146804836
SUNPHARMA,Mar 2016,2016,28487,20313,8174.0,29.0,5658,19.0,5.0,19.861691297784954,71.30620985010707,15.62906309751434
SUNPHARMA,Mar 2017,2017,31578,21476,10102.0,32.0,7846,29.0,12.0,24.846412059028438,68.00937361454177,25.255
SUNPHARMA,Mar 2018,2018,26489,20858,5631.0,21.0,2542,9.0,23.0,9.596436256559326,78.74211937030465,10.87065637065637
SUNPHARMA,Mar 2019,2019,29066,22689,6377.0,22.0,3208,11.0,25.0,11.036950388770386,78.0602766118489,11.49009009009009
SUNPHARMA,Mar 2020,2020,32838,25855,6983.0,21.0,4172,16.0,25.0,12.704793227358548,78.73500213167671,23.046204620462046
SUNPHARMA,Mar 2021,2021,33498,25028,8470.0,25.0,2272,12.0,62.0,6.782494477282226,74.71490835273748,60.0709219858156
SUNPHARMA,Mar 2022,2022,38654,28397,10258.0,27.0,3389,14.0,73.0,8.767527293423708,73.4645832255394,80.77165354330708
SUNPHARMA,Mar 2023,2023,43886,32235,11650.0,27.0,8513,35.0,33.0,19.39798569019733,73.45167023652189,67.73255813953489
SUNPHARMA,Mar 2024,2024,48497,35479,13018.0,28.0,9610,40.0,34.0,19.815658700538176,73.15710250118565,54.69747899159664
TATACONSUM,Mar 2013,2013,7351,6581,770.0,10.0,445,6.0,36.0,6.0535981499115765,89.52523466195076,9.166666666666666
TATACONSUM,Mar 2014,2014,7738,6986,752.0,10.0,510,7.0,29.0,6.590850348927371,90.2817265443267,8.64367816091954
TATACONSUM,Mar 2015,2015,7993,7201,792.0,10.0,273,4.0,6.0,3.415488552483423,90.09132991367447,9.658536585365853
TATACONSUM,Mar 2016,2016,6637,6271,366.0,6.0,-37,0.0,-999.0,-0.5574807895133344,94.48546029832757,3.128205128205128
TATACONSUM,Mar 2017,2017,6780,5988,791.0,12.0,455,6.0,38.0,6.710914454277287,88.31858407079646,18.3953488372093
TATACONSUM,Mar 2018,2018,6815,5976,839.0,12.0,556,8.0,30.0,8.158473954512106,87.68892149669846,16.134615384615383
TATACONSUM,Mar 2019,2019,7252,6466,786.0,11.0,457,6.0,39.0,6.301709873138445,89.16161059018202,10.076923076923077
TATACONSUM,Mar 2020,2020,9637,8345,1292.0,13.0,460,5.0,54.0,4.77326968973747,86.59333817578084,18.72463768115942
TATACONSUM,Mar 2021,2021,11602,10058,1544.0,13.0,930,9.0,44.0,8.015859334597483,86.69194966385106,21.15068493150685
TATACONSUM,Mar 2022,2022,12425,10707,1719.0,14.0,1015,10.0,60.0,8.169014084507042,86.17303822937626,19.75862068965517
TATACONSUM,Mar 2023,2023,13783,11927,1856.0,13.0,1320,12.0,65.0,9.577015163607342,86.53413625480665,14.276923076923078
TATACONSUM,Mar 2024,2024,15206,12922,2284.0,15.0,1215,12.0,64.0,7.9902669998684726,84.97961331053531,26.25287356321839
TATAMOTORS,Mar 2013,2013,188793,164197,24596.0,13.0,9976,35.0,6.0,5.284094219595007,86.97197459651575,6.908988764044944
TATAMOTORS,Mar 2014,2014,232834,197980,34853.0,15.0,14050,48.0,5.0,6.034342063444342,85.0305367772748,7.339018740787534
TATAMOTORS,Mar 2015,2015,263159,223920,39239.0,15.0,14073,48.0,0.0,5.347717539586334,85.08924262518097,8.072207364739766
TATAMOTORS,Mar 2016,2016,273046,234650,38395.0,14.0,11678,40.0,1.0,4.276935021937695,85.93790057352973,7.853344242176314
TATAMOTORS,Mar 2017,2017,269693,240104,29589.0,11.0,7557,26.0,0.0,2.8020749518897414,89.02863626419669,6.9818310523832
TATAMOTORS,Mar 2018,2018,291550,260093,31458.0,11.0,9091,31.0,0.0,3.1181615503344196,89.21042702795404,6.7189235369500215
TATAMOTORS,Mar 2019,2019,301938,277274,24664.0,8.0,-28724,-100.0,0.0,-9.513211321529585,91.83143559273759,4.282687966660879
TATAMOTORS,Mar 2020,2020,261068,243081,17987.0,7.0,-11975,-39.0,0.0,-4.586927543781696,93.11022415615855,2.483363247273229
TATAMOTORS,Mar 2021,2021,249795,217507,32287.0,13.0,-13395,-41.0,0.0,-5.362397165675854,87.07420084469265,3.987526244288008
TATAMOTORS,Mar 2022,2022,278454,253734,24720.0,9.0,-11309,-34.0,0.0,-4.061353042154179,91.12241160119804,2.654639175257732
TATAMOTORS,Mar 2023,2023,345967,314151,31816.0,9.0,2690,7.0,32.0,0.7775308049611668,90.80374717819907,3.11158924205379
TATAMOTORS,Mar 2024,2024,437928,378389,59538.0,14.0,31807,94.0,7.0,7.263066074788551,86.40438610913209,5.962147005808132
TATAPOWER,Mar 2013,2013,33177,27583,5595.0,17.0,123,0.0,-319.0,0.37073876480694457,83.13892154203214,2.1177138531415594
TATAPOWER,Mar 2014,2014,35726,28810,6916.0,19.0,12,-1.0,-114.0,0.033588982813637126,80.64154957174047,2.01046511627907
TATAPOWER,Mar 2015,2015,33593,27292,6301.0,19.0,457,1.0,210.0,1.3604024647992141,81.24311612538327,1.703433360367667
TATAPOWER,Mar 2016,2016,29494,27389,2105.0,7.0,786,2.0,53.0,2.664948803146403,92.8629551773242,0.6504944375772559
TATAPOWER,Mar 2017,2017,27588,22114,5473.0,20.0,1100,3.0,39.0,3.9872408293460926,80.15803972741772,1.626448736998514
TATAPOWER,Mar 2018,2018,26840,24545,2295.0,9.0,2611,9.0,15.0,9.728017883755587,91.44932935916542,0.6102100505184791
TATAPOWER,Mar 2019,2019,29881,26811,3070.0,10.0,2606,9.0,15.0,8.721261001974499,89.72591278738999,0.7362110311750599
TATAPOWER,Mar 2020,2020,29136,22331,6805.0,23.0,1316,4.0,41.0,4.516749038989566,76.6440142778693,1.5142412105028928
TATAPOWER,Mar 2021,2021,32703,25782,6921.0,21.0,1439,4.0,44.0,4.400207931994006,78.83680396293919,1.7259351620947632
TATAPOWER,Mar 2022,2022,42816,35785,7031.0,16.0,2156,5.0,32.0,5.035500747384155,83.5785687593423,1.8219746048199015
TATAPOWER,Mar 2023,2023,55109,47381,7728.0,14.0,3810,10.0,19.0,6.913571285996843,85.97688217895444,1.767612076852699
TATAPOWER,Mar 2024,2024,61449,50714,10735.0,17.0,4280,12.0,17.0,6.965125551270159,82.53022831941935,2.317073170731707
TATASTEEL,Mar 2013,2013,134712,130746,3965.0,3.0,-7272,-6.0,-11.0,-5.398182789951898,97.0559415642259,0.9992439516129032
TATASTEEL,Mar 2014,2014,148614,132430,16184.0,11.0,3665,3.0,27.0,2.466120284764558,89.11004346831388,3.731611713165783
TATASTEEL,Mar 2015,2015,139504,136095,3409.0,2.0,-3939,-3.0,-20.0,-2.8235749512558783,97.55634247046679,0.7031765676567657
TATASTEEL,Mar 2016,2016,101965,102590,-625.0,-1.0,-497,0.0,-203.0,-0.4874221546609131,100.61295542588142,-0.1480691779199242
TATASTEEL,Mar 2017,2017,112299,99156,13144.0,12.0,-4169,-4.0,-23.0,-3.712410618082084,88.29642294232362,2.591482649842271
TATASTEEL,Mar 2018,2018,123249,101816,21433.0,17.0,17743,12.0,9.0,14.396060008600475,82.61000089250217,3.9290559120073327
TATASTEEL,Mar 2019,2019,157669,128351,29318.0,19.0,9122,9.0,15.0,5.785538057576315,81.40534918087893,3.827415143603133
TATASTEEL,Mar 2020,2020,139817,122354,17463.0,12.0,1174,1.0,74.0,0.8396689959017859,87.51010249111339,2.318199920350458
TATASTEEL,Mar 2021,2021,156294,125790,30504.0,20.0,8190,6.0,40.0,5.240124380974318,80.48293600522094,4.009990797949257
TATASTEEL,Mar 2022,2022,243959,180469,63490.0,26.0,41749,33.0,16.0,17.113121467131773,73.97513516615497,11.623947272061516
TATASTEEL,Mar 2023,2023,243353,211053,32300.0,13.0,8075,7.0,50.0,3.3182249653795104,86.72710013848196,5.127798063184632
TATASTEEL,Mar 2024,2024,229171,206923,22248.0,10.0,-4910,-4.0,-101.0,-2.1425049417247384,90.29196538829083,2.9632392115077253
TCS,Mar 2013,2013,62989,44950,18040.0,29.0,14076,36.0,31.0,22.346758957913288,71.36166632269126,375.8333333333333
TCS,Mar 2014,2014,81809,56657,25153.0,31.0,19332,49.0,33.0,23.630651884267014,69.25521641873144,644.9487179487179
TCS,Mar 2015,2015,94648,70167,24482.0,26.0,20060,51.0,78.0,21.194320006761895,74.13468853013269,235.40384615384616
TCS,Mar 2016,2016,108646,77969,30677.0,28.0,24338,62.0,35.0,22.401192864900686,71.76426191484269,929.6060606060606
TCS,Mar 2017,2017,117966,85655,32311.0,27.0,26357,67.0,35.0,22.342878456504415,72.60990454876828,1009.71875
TCS,Mar 2018,2018,123104,90588,32516.0,26.0,25880,67.0,37.0,21.02287496750715,73.58656095658955,625.3076923076923
TCS,Mar 2019,2019,146463,106957,39506.0,27.0,31562,84.0,36.0,21.549469831971216,73.02663471320402,199.5252525252525
TCS,Mar 2020,2020,156949,114840,42109.0,27.0,32447,86.0,85.0,20.673594607165384,73.17026550025804,45.57251082251082
TCS,Mar 2021,2021,164177,117631,46546.0,28.0,32562,88.0,43.0,19.833472410873632,71.64889113578637,73.07064364207221
TCS,Mar 2022,2022,191754,138697,53057.0,28.0,38449,105.0,41.0,20.051211448001087,72.33069453570721,67.67474489795919
TCS,Mar 2023,2023,225458,166199,59259.0,26.0,42303,115.0,100.0,18.763139919630266,73.71616886515449,76.07060333761233
TCS,Mar 2024,2024,240893,176597,64296.0,27.0,46099,127.0,58.0,19.136712150207767,73.30931160307689,82.6426735218509
TECHM,Mar 2013,2013,6873,5451,1422.0,21.0,1307,25.0,5.0,19.01644114651535,79.3103448275862,13.805825242718447
TECHM,Mar 2014,2014,18802,14630,4172.0,22.0,3062,32.0,15.0,16.28550154238911,77.8108711839166,52.15
TECHM,Mar 2015,2015,22621,18428,4193.0,19.0,2659,27.0,22.0,11.754564342867248,81.46412625436541,60.768115942028984
TECHM,Mar 2016,2016,26494,22234,4260.0,16.0,3027,31.0,35.0,11.425228353589493,83.92088774816939,43.91752577319588
TECHM,Mar 2017,2017,29141,24956,4184.0,14.0,2851,29.0,28.0,9.783466593459387,85.63879070725096,32.434108527131784
TECHM,Mar 2018,2018,30773,26063,4710.0,15.0,3786,39.0,33.0,12.302992883371786,84.69437493906996,29.074074074074073
TECHM,Mar 2019,2019,34742,28471,6271.0,18.0,4289,44.0,29.0,12.345288123884636,81.94980139312648,47.150375939849624
TECHM,Mar 2020,2020,36868,31365,5503.0,15.0,3897,42.0,32.0,10.570142128675274,85.0737767169361,28.661458333333332
TECHM,Mar 2021,2021,37855,31059,6796.0,18.0,4353,46.0,89.0,11.499141460837405,82.04728569541672,39.05747126436781
TECHM,Mar 2022,2022,44646,36626,8020.0,18.0,5630,57.0,47.0,12.610312234018725,82.03646463288985,49.20245398773006
TECHM,Mar 2023,2023,53290,45527,7763.0,15.0,4857,50.0,91.0,9.11428035278664,85.43253893788703,23.812883435582823
TECHM,Mar 2024,2024,51996,47489,4506.0,9.0,2397,24.0,150.0,4.60996999769213,91.33202554042619,11.494897959183673
TITAN,Mar 2013,2013,10123,9109,1014.0,10.0,725,8.0,26.0,7.161908525140769,89.98320655932037,19.88235294117647
TITAN,Mar 2014,2014,10927,9880,1047.0,10.0,735,8.0,25.0,6.726457399103139,90.41823007229797,12.03448275862069
TITAN,Mar 2015,2015,11913,10761,1153.0,10.0,816,9.0,25.0,6.849660035255603,90.32989171493327,14.234567901234568
TITAN,Mar 2016,2016,11276,10337,939.0,8.0,675,8.0,29.0,5.9861653068464,91.67257892869813,22.357142857142858
TITAN,Mar 2017,2017,13261,12097,1164.0,9.0,697,8.0,32.0,5.256013875273358,91.22238141919915,30.63157894736842
TITAN,Mar 2018,2018,16120,14476,1644.0,10.0,1102,13.0,29.0,6.836228287841191,89.8014888337469,31.0188679245283
TITAN,Mar 2019,2019,19779,17785,1994.0,10.0,1389,16.0,32.0,7.022599726983164,89.91860053592194,37.62264150943396
TITAN,Mar 2020,2020,21052,18589,2463.0,12.0,1493,17.0,24.0,7.091962758882767,88.30039901197036,14.837349397590362
TITAN,Mar 2021,2021,21644,19919,1725.0,8.0,974,11.0,37.0,4.500092404361486,92.03012382184438,8.497536945812808
TITAN,Mar 2022,2022,28799,25455,3344.0,12.0,2198,24.0,31.0,7.632209451717073,88.38848571130941,15.339449541284404
TITAN,Mar 2023,2023,40575,35693,4882.0,12.0,3274,37.0,27.0,8.069008009858287,87.96796056685152,16.273333333333333
TITAN,Mar 2024,2024,51084,45792,5292.0,10.0,3496,39.0,28.0,6.843630099444054,89.64059196617336,8.549273021001616
TORNTPHARM,Mar 2013,2013,3203,2506,697.0,22.0,435,13.0,45.0,13.581017795816422,78.23915079612863,20.5
TORNTPHARM,Mar 2014,2014,4172,3216,955.0,23.0,664,20.0,25.0,15.915627996164908,77.08533077660594,16.1864406779661
TORNTPHARM,Mar 2015,2015,4636,3616,1020.0,22.0,751,22.0,25.0,16.199309749784298,77.99827437446073,5.828571428571428
TORNTPHARM,Mar 2016,2016,6687,3954,2733.0,41.0,1733,51.0,34.0,25.915956333183786,59.12965455361149,14.853260869565217
TORNTPHARM,Mar 2017,2017,5816,4438,1377.0,24.0,934,28.0,25.0,16.059147180192575,76.30674002751032,6.684466019417476
TORNTPHARM,Mar 2018,2018,5950,4601,1349.0,23.0,678,20.0,35.0,11.394957983193276,77.32773109243698,4.37987012987013
TORNTPHARM,Mar 2019,2019,7673,5690,1983.0,26.0,436,13.0,66.0,5.682262478821843,74.15613189104653,3.9345238095238093
TORNTPHARM,Mar 2020,2020,7939,5769,2170.0,27.0,1025,30.0,53.0,12.910945962967629,72.66658269303439,4.811529933481153
TORNTPHARM,Mar 2021,2021,8005,5524,2480.0,31.0,1252,37.0,47.0,15.640224859462837,69.00687070580886,7.025495750708215
TORNTPHARM,Mar 2022,2022,8508,6077,2431.0,29.0,777,23.0,105.0,9.132581100141044,71.42689233662435,9.533333333333333
TORNTPHARM,Mar 2023,2023,9620,6778,2842.0,30.0,1245,37.0,60.0,12.941787941787942,70.45738045738045,8.534534534534535
TORNTPHARM,Mar 2024,2024,10728,7360,3368.0,31.0,1656,49.0,57.0,15.436241610738255,68.6055182699478,9.514124293785311
TRENT,Mar 2013,2013,2132,2128,5.0,0.0,-27,-1.0,-87.0,-1.2664165103189493,99.812382739212,0.1724137931034483
TRENT,Mar 2014,2014,2333,2343,-10.0,0.0,-19,-1.0,-125.0,-0.8144020574367767,100.42863266180883,-0.38461538461538464
TRENT,Mar 2015,2015,2284,2196,88.0,4.0,129,4.0,26.0,5.64798598949212,96.14711033274956,4.0
TRENT,Mar 2016,2016,1686,1596,90.0,5.0,55,2.0,54.0,3.262158956109134,94.66192170818505,1.875
TRENT,Mar 2017,2017,1812,1679,134.0,7.0,85,3.0,39.0,4.690949227373068,92.66004415011038,2.9130434782608696
TRENT,Mar 2018,2018,2157,1949,208.0,10.0,87,3.0,44.0,4.033379694019471,90.3569772832638,4.7272727272727275
TRENT,Mar 2019,2019,2630,2390,241.0,9.0,95,3.0,45.0,3.6121673003802277,90.8745247148289,4.7254901960784315
TRENT,Mar 2020,2020,3486,2957,529.0,15.0,106,3.0,29.0,3.040734366035571,84.82501434308664,2.011406844106464
TRENT,Mar 2021,2021,2593,2479,114.0,4.0,-181,-4.0,-15.0,-6.980331662167373,95.60354801388354,0.4367816091954023
TRENT,Mar 2022,2022,4498,3903,595.0,13.0,35,3.0,57.0,0.7781236104935527,86.7718986216096,1.8307692307692307
TRENT,Mar 2023,2023,8242,7128,1114.0,14.0,394,13.0,18.0,4.780393108468818,86.48386314001456,2.7237163814180927
TRENT,Mar 2024,2024,12375,10404,1971.0,16.0,1477,42.0,8.0,11.935353535353535,84.07272727272728,5.355978260869565
TVSMOTOR,Mar 2013,2013,7510,7072,438.0,6.0,198,4.0,30.0,2.6364846870838883,94.16777629826898,4.252427184466019
TVSMOTOR,Mar 2014,2014,8384,7892,492.0,6.0,187,4.0,37.0,2.23043893129771,94.13167938931298,6.15
TVSMOTOR,Mar 2015,2015,10256,9650,605.0,6.0,328,7.0,28.0,3.1981279251170043,94.09126365054603,9.758064516129032
TVSMOTOR,Mar 2016,2016,11377,10558,819.0,7.0,429,9.0,28.0,3.7707655796782986,92.80126571152326,11.7
TVSMOTOR,Mar 2017,2017,12463,11591,871.0,7.0,509,11.0,23.0,4.084088903153334,93.00328973762336,14.516666666666667
TVSMOTOR,Mar 2018,2018,16340,14769,1571.0,10.0,665,14.0,24.0,4.069767441860465,90.38555691554467,4.64792899408284
TVSMOTOR,Mar 2019,2019,20160,17997,2163.0,11.0,725,15.0,24.0,3.5962301587301586,89.27083333333333,3.262443438914027
TVSMOTOR,Mar 2020,2020,18849,16585,2264.0,12.0,647,13.0,27.0,3.4325428404689906,87.98875271897714,2.647953216374269
TVSMOTOR,Mar 2021,2021,19421,17189,2232.0,11.0,608,13.0,28.0,3.1306317903300553,88.50728592760414,2.533484676503973
TVSMOTOR,Mar 2022,2022,24355,21601,2755.0,11.0,731,16.0,24.0,3.0014370765756517,88.69226031615685,2.9308510638297873
TVSMOTOR,Mar 2023,2023,31974,27947,4027.0,13.0,1309,28.0,18.0,4.093951335460061,87.40539188090324,2.943713450292398
TVSMOTOR,Mar 2024,2024,39145,33645,5500.0,14.0,1779,36.0,23.0,4.544641716694342,85.94967428790395,2.8526970954356847
ULTRACEMCO,Mar 2013,2013,20514,15674,4839.0,24.0,2688,98.0,9.0,13.10324656332261,76.40635663449352,19.202380952380953
ULTRACEMCO,Mar 2014,2014,20730,16695,4035.0,19.0,2213,80.0,11.0,10.675349734684032,80.53545586107091,11.177285318559557
ULTRACEMCO,Mar 2015,2015,23306,18881,4425.0,19.0,2102,76.0,12.0,9.019136702994937,81.01347292542694,7.538330494037479
ULTRACEMCO,Mar 2016,2016,25153,20252,4901.0,19.0,2480,90.0,11.0,9.859658887607841,80.51524669025564,8.659010600706713
ULTRACEMCO,Mar 2017,2017,25375,20162,5212.0,21.0,2714,99.0,10.0,10.695566502463054,79.45615763546799,8.14375
ULTRACEMCO,Mar 2018,2018,30979,24834,6145.0,20.0,2224,81.0,13.0,7.179056780399626,80.16398205235805,4.963651050080776
ULTRACEMCO,Mar 2019,2019,41462,34115,7347.0,18.0,2400,88.0,13.0,5.788432781824321,82.2801601466403,4.132170978627672
ULTRACEMCO,Mar 2020,2020,42430,33184,9246.0,22.0,5751,199.0,7.0,13.5540890879095,78.2088145180297,4.641566265060241
ULTRACEMCO,Mar 2021,2021,44726,33158,11568.0,26.0,5462,189.0,20.0,12.212136117694406,74.13584939408845,7.784656796769852
ULTRACEMCO,Mar 2022,2022,52599,41084,11514.0,22.0,7334,254.0,15.0,13.94323085990228,78.10794882031978,12.184126984126983
ULTRACEMCO,Mar 2023,2023,63240,52620,10620.0,17.0,5073,175.0,22.0,8.021821631878558,83.20683111954459,12.90400972053463
ULTRACEMCO,Mar 2024,2024,70908,57940,12969.0,18.0,7004,243.0,29.0,9.877587860326056,81.71151351046426,13.397727272727273
UNIONBANK,Mar 2013,2013,25169,7268,325.0,1.0,2146,36.0,22.0,8.52636179427073,28.87679288013032,0.01849217638691323
UNIONBANK,Mar 2014,2014,29394,8829,-902.0,-3.0,1687,27.0,15.0,5.739266516976254,30.036742192284137,-0.042017981087250196
UNIONBANK,Mar 2015,2015,32164,9498,-973.0,-3.0,1771,28.0,22.0,5.506155950752394,29.529909215271733,-0.041159052453468695
UNIONBANK,Mar 2016,2016,32316,10349,-1928.0,-6.0,1347,20.0,10.0,4.168213887857409,32.024384205966086,-0.08068971289863563
UNIONBANK,Mar 2017,2017,32817,13871,-4830.0,-15.0,573,8.0,0.0,1.7460462565133925,42.26772709266539,-0.2031887594127298
UNIONBANK,Mar 2018,2018,32952,21181,-11700.0,-36.0,-5212,-45.0,0.0,-15.816945860645786,64.27834425831513,-0.498487495206851
UNIONBANK,Mar 2019,2019,34314,19019,-8601.0,-25.0,-2922,-17.0,0.0,-8.515474733344991,55.42635658914728,-0.35993471710746566
UNIONBANK,Mar 2020,2020,37479,21166,-9523.0,-25.0,-3121,-9.0,0.0,-8.327329971450679,56.474292270338054,-0.3685799434918915
UNIONBANK,Mar 2021,2021,69311,36270,-11071.0,-16.0,2863,4.0,0.0,4.130657471397036,52.329356090663815,-0.250974791439971
UNIONBANK,Mar 2022,2022,68230,32264,-4213.0,-6.0,5265,8.0,25.0,7.71654697347208,47.28711710391323,-0.10485838020807407
UNIONBANK,Mar 2023,2023,81163,36155,-3024.0,-4.0,8512,12.0,24.0,10.48753742468859,44.54616019614849,-0.0629567172568859
UNIONBANK,Mar 2024,2024,100376,32422,4590.0,5.0,13797,18.0,20.0,13.745317605802185,32.300549932254725,0.07243860867369484
UNITDSPR,Mar 2013,2013,10378,9287,1091.0,11.0,-105,-2.0,-31.0,-1.0117556369242628,89.48737714395837,1.1076142131979696
UNITDSPR,Mar 2014,2014,10508,13876,-3368.0,-32.0,-4489,-62.0,0.0,-42.719832508564906,132.0517700799391,-2.54572940287226
UNITDSPR,Mar 2015,2015,9254,9619,-366.0,-4.0,-1687,-23.0,0.0,-18.22995461422088,103.9442403285066,-0.5327510917030568
UNITDSPR,Mar 2016,2016,8495,8162,333.0,4.0,143,2.0,0.0,1.683343143025309,96.08004708652147,0.7286652078774617
UNITDSPR,Mar 2017,2017,8818,7826,991.0,11.0,93,1.0,0.0,1.0546609208437288,88.75028351100023,2.6426666666666665
UNITDSPR,Mar 2018,2018,8591,7381,1209.0,14.0,652,9.0,0.0,7.58933767896636,85.91549295774648,4.348920863309353
UNITDSPR,Mar 2019,2019,9341,7947,1394.0,15.0,684,10.0,0.0,7.322556471469864,85.07654426720907,5.881856540084388
UNITDSPR,Mar 2020,2020,9325,7756,1569.0,17.0,621,9.0,0.0,6.659517426273459,83.17426273458445,7.400943396226415
UNITDSPR,Mar 2021,2021,8131,7080,1051.0,13.0,362,5.0,0.0,4.452096913048825,87.07416061984996,5.590425531914893
UNITDSPR,Mar 2022,2022,9712,8117,1595.0,16.0,811,11.0,0.0,8.350494233937397,83.57701812191104,18.125
UNITDSPR,Mar 2023,2023,10612,9195,1417.0,13.0,1126,16.0,0.0,10.610629476064833,86.64719185827366,13.625
UNITDSPR,Mar 2024,2024,11321,9321,2000.0,18.0,1408,19.0,46.0,12.437063863616288,82.33371610281777,26.31578947368421
VEDL,Mar 2013,2013,2749,2283,465.0,17.0,2280,26.0,0.0,82.93925063659513,83.04838122953801,0.9789473684210527
VEDL,Mar 2014,2014,66152,46557,19595.0,30.0,11421,21.0,15.0,17.2647841335107,70.37882452533559,3.8466823714173537
VEDL,Mar 2015,2015,73710,51595,22114.0,30.0,-11369,-53.0,-8.0,-15.423958757292091,69.99728666395333,3.907757554338222
VEDL,Mar 2016,2016,64262,82741,-18479.0,-29.0,-17862,-41.0,-8.0,-27.795586816470074,128.7557187762597,-3.198165455174801
VEDL,Mar 2017,2017,72225,50849,21376.0,30.0,11316,23.0,83.0,15.667705088265835,70.40359986154378,3.6508966695132368
VEDL,Mar 2018,2018,91866,66989,24877.0,27.0,13692,28.0,76.0,14.904317157599111,72.92034049593974,4.866392801251957
VEDL,Mar 2019,2019,92048,68877,23171.0,25.0,9698,19.0,99.0,10.535807404832262,74.82726403615504,4.072947793988399
VEDL,Mar 2020,2020,84447,63704,20743.0,25.0,-4744,-18.0,-22.0,-5.617724726751691,75.43666441673476,4.167771750050231
VEDL,Mar 2021,2021,88021,60703,27318.0,31.0,15032,31.0,30.0,17.07774281137456,68.96422444643892,5.243378119001919
VEDL,Mar 2022,2022,132732,87908,44824.0,34.0,23710,51.0,89.0,17.863062411475756,66.22969592863815,9.344173441734418
VEDL,Mar 2023,2023,147308,112877,34431.0,23.0,14503,28.0,357.0,9.845358025361826,76.6265240177044,5.531084337349397
VEDL,Mar 2024,2024,143727,108415,35312.0,25.0,7539,11.0,259.0,5.245360996889937,75.43119942669088,3.730797675647121
WIPRO,Mar 2013,2013,37430,29773,7657.0,20.0,6182,5.0,28.0,16.516163505209725,79.54314720812182,26.494809688581316
WIPRO,Mar 2014,2014,43424,33788,9635.0,22.0,7991,6.0,25.0,18.40226602800295,77.80950626381724,25.156657963446474
WIPRO,Mar 2015,2015,46951,36652,10299.0,22.0,8714,7.0,34.0,18.559775084662732,78.06436497625184,29.425714285714285
WIPRO,Mar 2016,2016,51244,40448,10796.0,21.0,8957,7.0,17.0,17.47911950667395,78.93216766840996,19.34767025089606
WIPRO,Mar 2017,2017,55448,44128,11321.0,20.0,8518,7.0,6.0,15.362141105179628,79.58447554465445,19.05892255892256
WIPRO,Mar 2018,2018,54487,44100,10387.0,19.0,8003,7.0,6.0,14.687907207223741,80.93673720336962,17.81646655231561
WIPRO,Mar 2019,2019,59019,47406,11613.0,20.0,9018,7.0,7.0,15.27982514105627,80.3232857215473,15.735772357723578
WIPRO,Mar 2020,2020,61138,48795,12342.0,20.0,9772,9.0,6.0,15.983512708953516,79.811246687821,16.837653478854026
WIPRO,Mar 2021,2021,61935,47164,14771.0,24.0,10868,10.0,5.0,17.547428755953824,76.15080326148382,29.019646365422396
WIPRO,Mar 2022,2022,79312,62628,16684.0,21.0,12243,11.0,27.0,15.436503933830947,78.96409118418399,31.360902255639097
WIPRO,Mar 2023,2023,90488,73649,16839.0,19.0,11366,10.0,5.0,12.560781540093712,81.39090266112635,16.705357142857142
WIPRO,Mar 2024,2024,89760,73008,16752.0,19.0,11112,11.0,5.0,12.379679144385026,81.33689839572192,13.34820717131474
ZOMATO,Mar 2018,2018,466,558,-92.0,-20.0,-107,-3070.0,0.0,-22.96137339055794,119.74248927038627,-15.333333333333334
ZOMATO,Mar 2019,2019,1313,3556,-2243.0,-171.0,-1010,-28574.0,0.0,-76.92307692307693,270.8301599390708,-249.22222222222223
ZOMATO,Mar 2020,2020,2605,4909,-2305.0,-88.0,-2386,-70097.0,0.0,-91.59309021113243,188.44529750479845,-177.30769230769232
ZOMATO,Mar 2021,2021,1994,2461,-467.0,-23.0,-816,-23124.0,0.0,-40.92276830491474,123.42026078234704,-46.7
ZOMATO,Mar 2022,2022,4192,6043,-1851.0,-44.0,-1222,-2.0,0.0,-29.150763358778626,144.15553435114504,-154.25
ZOMATO,Mar 2023,2023,7079,8290,-1211.0,-17.0,-971,-1.0,0.0,-13.7166266421811,117.10693600791072,-24.714285714285715
ZOMATO,Mar 2024,2024,12114,12071,43.0,0.0,351,0.0,0.0,2.8974739970282317,99.64503879808487,0.5972222222222222
ZYDUSLIFE,Mar 2013,2013,6358,5228,1130.0,18.0,690,6.0,24.0,10.85246932997798,82.22711544510852,6.686390532544379
ZYDUSLIFE,Mar 2014,2014,7224,6021,1203.0,17.0,836,8.0,23.0,11.572535991140642,83.34717607973423,13.366666666666667
ZYDUSLIFE,Mar 2015,2015,8651,6896,1756.0,20.0,1188,11.0,21.0,13.732516472084152,79.7133279389666,25.823529411764707
ZYDUSLIFE,Mar 2016,2016,9427,7095,2332.0,25.0,1964,19.0,17.0,20.83377532619073,75.26254375729287,44.0
ZYDUSLIFE,Mar 2017,2017,9376,7474,1902.0,20.0,1517,15.0,22.0,16.179607508532424,79.71416382252559,42.266666666666666
ZYDUSLIFE,Mar 2018,2018,11905,9074,2831.0,24.0,1810,17.0,20.0,15.203695926081478,76.22007559848804,31.10989010989011
ZYDUSLIFE,Mar 2019,2019,13166,10174,2991.0,23.0,1899,18.0,19.0,14.42351511468935,77.27479872398602,15.417525773195877
ZYDUSLIFE,Mar 2020,2020,14253,11455,2798.0,20.0,1204,11.0,30.0,8.447344418718867,80.36904511330948,8.181286549707602
ZYDUSLIFE,Mar 2021,2021,14404,11013,3391.0,24.0,2185,21.0,17.0,15.169397389613994,76.45792835323522,21.32704402515723
ZYDUSLIFE,Mar 2022,2022,15110,11768,3342.0,22.0,4618,44.0,6.0,30.562541363335537,77.88219722038386,26.31496062992126
ZYDUSLIFE,Mar 2023,2023,17237,13378,3860.0,22.0,2092,19.0,31.0,12.136682717410222,77.61211347682311,29.692307692307693
ZYDUSLIFE,Mar 2024,2024,19547,14163,5384.0,28.0,3973,38.0,8.0,20.32536962193687,72.45613137565867,66.46913580246914
INDIGO,Mar 2013,2013,9203,73,8348.0,855.0,787,25647.0,70.0,8.551559274149733,0.7932196023035967,28.2027027027027
INDIGO,Mar 2014,2014,11117,123,10684.0,433.0,474,15454.0,80.0,4.263740217684627,1.1064136007915804,27.324808184143222
INDIGO,Mar 2015,2015,13925,150,12022.0,1904.0,1304,42481.0,83.0,9.364452423698385,1.0771992818671454,30.435443037974682
INDIGO,Mar 2016,2016,16140,350,12976.0,3164.0,1986,55.0,27.0,12.304832713754648,2.168525402726146,25.19611650485437
INDIGO,Mar 2017,2017,18580,406,16362.0,2219.0,1659,46.0,74.0,8.928955866523143,2.1851453175457483,20.73764258555133
INDIGO,Mar 2018,2018,23021,413,19991.0,3030.0,2242,58.0,10.0,9.738934016767299,1.79401416098345,21.109820485744457
INDIGO,Mar 2019,2019,28497,563,28648.0,-151.0,156,4.0,123.0,0.547426044846826,1.9756465592869425,21.6211320754717
INDIGO,Mar 2020,2020,35756,1902,31687.0,4069.0,-248,-6.0,0.0,-0.69358988701197,5.31938695603535,20.696930111038537
INDIGO,Mar 2021,2021,14641,2170,14638.0,2.0,-6171,-151.0,0.0,-42.14876033057851,14.821391981422034,14.12934362934363
INDIGO,Mar 2022,2022,25931,2386,25373.0,558.0,-317,-160.0,0.0,-1.2224750298870077,9.201342023061201,34.997241379310346
INDIGO,Mar 2023,2023,54446,3168,47926.0,6521.0,-317,-8.0,0.0,-0.582228262865959,5.8186092642251035,33.49126484975542
INDIGO,Mar 2024,2024,68904,4805,52573.0,16331.0,8167,212.0,0.0,11.852722628584697,6.973470335539302,22.60232158211522
